,name,link,origin,birth,origin_point,birth_point,spotify_id,genre
0,Clarence Ashley,/wiki/Clarence_Ashley,,"Bristol, Tennessee",POINT (100.77522 18.776703),POINT (-82.215705 36.565486),62OfrERsnZFWXyaruPhOh7,folk
1,Dock Boggs,/wiki/Dock_Boggs,,"Norton, Virginia",POINT (100.77522 18.776703),POINT (-82.635784 36.924988),2NwYS5UK1AbaTljDWp4uh0,folk
2,Fleming Brown,/wiki/Fleming_Brown,"Chicago, Illinois, U.S.","Marshall, Missouri",POINT (-87.66063 41.87897),POINT (-93.201045 39.117868),49UnGZjjlu82OyuVMDhM8I,folk
3,Dick Burnett,/wiki/Dick_Burnett_(musician),,"Monticello, Kentucky",POINT (100.77522 18.776703),POINT (-84.848658 36.839737),1z8JeSutSvLKcjM4Rkxq35,folk
4,Sara Carter,/wiki/Sara_Carter,,"Copper Creek, Virginia",POINT (100.77522 18.776703),POINT (-78.376655 37.73086),59Au2ho6KTcJoeAMPxlv18,folk
5,Stoney Cooper,/wiki/Stoney_Cooper,,"Harman, West Virginia",POINT (100.77522 18.776703),POINT (-79.524552 38.921006),151pVpaq4HKrz8omqcssMm,folk
6,Hazel Dickens,/wiki/Hazel_Dickens,,"Mercer County, West Virginia",POINT (100.77522 18.776703),POINT (-81.106526 37.421347),2IEiSF4inDSwzQowcQjdfT,folk
7,Roscoe Holcomb,/wiki/Roscoe_Holcomb,"Daisy, Kentucky, United States",,POINT (-83.09489 37.11371),POINT (100.77522 18.776703),7JZ7Ok3UaKmZmD5otFfcY3,folk
8,Kossoy Sisters,/wiki/Kossoy_Sisters,"Greenwich Village, New York City",New York City,POINT (-73.996497 40.731498),POINT (-73.9708 40.68295),1pJCiTd2Is4hUveBFVFmAe,folk
9,Wilma Lee,/wiki/Wilma_Lee,,"Valley Head, West Virginia",POINT (100.77522 18.776703),POINT (-80.031903 38.548346),7Fp4K5Ae9buLa4zha2rp7T,folk
10,Bascom Lamar Lunsford,/wiki/Bascom_Lamar_Lunsford,,"Mars Hill, North Carolina",POINT (100.77522 18.776703),POINT (-82.550024 35.82663),3cV9xElTrvkQXqCShHtpU3,folk
11,New Lost City Ramblers,/wiki/New_Lost_City_Ramblers,"New York City, New York, United States",,POINT (-73.9708 40.68295),POINT (100.77522 18.776703),4fqd1tgX1D2YESwxzr2cvd,folk
12,Jean Ritchie,/wiki/Jean_Ritchie,,"Viper, Kentucky",POINT (100.77522 18.776703),POINT (-83.14823 37.18287),7cWhIVoEYJd0oWnxULFt8s,folk
13,Sam Rizzetta,/wiki/Sam_Rizzetta,,Chicago,POINT (100.77522 18.776703),POINT (-87.66063 41.87897),4hNW8xw4NITBHiTynTUPNz,folk
14,Doc Watson,/wiki/Doc_Watson,,"Deep Gap, North Carolina",POINT (100.77522 18.776703),POINT (-81.503834 36.233889),01N1aZStXA4yGvkz4vRXtJ,folk
15,Uncle Dave Macon,/wiki/Uncle_Dave_Macon,"Nashville, Tennessee",Tennessee,POINT (-86.834683 36.236907),POINT (-86.343764 35.820245),5Aa1aFuL2vUePqwhMFnxO0,folk
16,Charlie Poole,/wiki/Charlie_Poole,,"Franklinville, North Carolina",POINT (100.77522 18.776703),POINT (-80.49895 35.72125),7FS3EGuBVCs09Mfs23t2Af,folk
17,Rising Appalachia,/wiki/Rising_Appalachia,"Atlanta, Georgia",,POINT (-84.414581 33.769805),POINT (100.77522 18.776703),3I6e2ZqqoxQhXc9z7Tp5ci,folk
18,Fernest Arceneaux,/wiki/Fernest_Arceneaux,,Lafayette,POINT (100.77522 18.776703),POINT (-92.031897 30.211987),7HBcntk6WvaqjA4kLrqA9m,folk
19,Amédé Ardoin,/wiki/Am%C3%A9d%C3%A9_Ardoin,,"Basile, Evangeline Parish, Louisiana",POINT (100.77522 18.776703),POINT (-92.601015 30.485722),5Qg9EHJc1i9xp7WXArccSz,folk
20,Chris Ardoin,/wiki/Chris_Ardoin,,"Lake Charles, Louisiana",POINT (100.77522 18.776703),POINT (-93.213418 30.203629),3AU7f1EqS89mHHMDHbTQFf,folk
21,Dewey Balfa,/wiki/Dewey_Balfa,,Louisiana,POINT (100.77522 18.776703),POINT (-92.51441 30.542601),4HNzfw32MdPySNZHapfWgK,folk
22,BeauSoleil,/wiki/BeauSoleil,"Lafayette, Louisiana, U.S.",,POINT (-92.031897 30.211987),POINT (100.77522 18.776703),2NBfhrFJmF7o35vK2pndvo,folk
23,Bobby Charles,/wiki/Bobby_Charles,,"Abbeville, Louisiana",POINT (100.77522 18.776703),POINT (-92.127504 29.972503),1B8vzl6kObOf1cxN4myLS1,folk
24,Boozoo Chavis,/wiki/Boozoo_Chavis,,"Lake Charles, Louisiana",POINT (100.77522 18.776703),POINT (-93.213418 30.203629),0gU00e6HDaZ3hxlR3pZrU0,folk
25,C. J. Chenier,/wiki/C._J._Chenier,,"Port Arthur, Texas",POINT (100.77522 18.776703),POINT (-93.89954 29.682232),2dNbwxgYSvdnMGWsYHJ38j,folk
26,Clifton Chenier,/wiki/Clifton_Chenier,,Opelousas,POINT (100.77522 18.776703),POINT (-92.085363 30.525943),3LzQVHowQWbzJBwBBNRPfY,folk
27,Geno Delafose,/wiki/Geno_Delafose,,"Eunice, Louisiana",POINT (100.77522 18.776703),POINT (-92.421221 30.491681),7zKDS8dI38NouMTa55W2xr,folk
28,John Delafose,/wiki/John_Delafose,,Evangeline Parish,POINT (100.77522 18.776703),POINT (-92.401489 30.727562),4FUWfaBOkbbPUUivMD7M3w,folk
29,Queen Ida,/wiki/Queen_Ida,,"Lake Charles, Louisiana",POINT (100.77522 18.776703),POINT (-93.213418 30.203629),4ownYCUB1wbXdo3eTnakwq,folk
30,Beau Jocque,/wiki/Beau_Jocque,,"Evangeline Parish, Louisiana",POINT (100.77522 18.776703),POINT (-92.401489 30.727562),7lXjOGZAeqkWTGYKkmVtGW,folk
31,Rosie Ledet,/wiki/Rosie_Ledet,,"Church Point, Louisiana",POINT (100.77522 18.776703),POINT (-92.214207 30.404692),08Utsn05gzPaciVeIBnkeP,folk
32,D. L. Menard,/wiki/D._L._Menard,,"Erath, Louisiana",POINT (100.77522 18.776703),POINT (-92.034489 29.956739),1gEdV73o3X847usz85JTGl,folk
33,Jimmy C. Newman,/wiki/Jimmy_C._Newman,,"Mamou, Louisiana",POINT (100.77522 18.776703),POINT (-92.419117 30.634911),4I2LAvm6wV4SY7sp3qpdDH,folk
34,Steve Riley and the Mamou Playboys,/wiki/Steve_Riley_and_the_Mamou_Playboys,"Louisiana, United States",,POINT (-92.51441 30.542601),POINT (100.77522 18.776703),7F8pZngjUPLEQOgYztIhB9,folk
35,Rockin' Dopsie,/wiki/Rockin%27_Dopsie,,"Carencro, Louisiana",POINT (100.77522 18.776703),POINT (-92.039864 30.312748),72iADHTfbYiwjTmW4AcuL4,folk
36,Rockin' Sidney,/wiki/Rockin%27_Sidney,,"Lebeau, Louisiana",POINT (100.77522 18.776703),POINT (-91.97706 30.73131),328azApStz6rBvBKZsUwvi,folk
37,Amanda Shaw,/wiki/Amanda_Shaw,,Boston,POINT (100.77522 18.776703),POINT (-71.048611 42.355492),5ly5bZR1G4PijTkirVOyFZ,folk
38,Terrance Simien,/wiki/Terrance_Simien,,"Mallet, Louisiana",POINT (100.77522 18.776703),POINT (-92.51441 30.542601),2pBpjXBKJtxmlzjk5OjaRi,folk
39,Jo-El Sonnier,/wiki/Jo-El_Sonnier,,"Rayne, Louisiana",POINT (100.77522 18.776703),POINT (-92.267615 30.23948),6TdaDpGBUyjeHtwQfMNoOF,folk
40,Nathan Williams,/wiki/Nathan_Williams_(Zydeco),,St. Martinville,POINT (100.77522 18.776703),POINT (-91.827771 30.126533),2OHypU9FnBtbHK18a9OFa3,folk
41,Buckwheat Zydeco,/wiki/Buckwheat_Zydeco,,"Lafayette, Louisiana",POINT (100.77522 18.776703),POINT (-92.031897 30.211987),31ioFU3ADV6npBP7ykNvtF,folk
42,The Accidentals,/wiki/The_Accidentals,"Traverse City, Michigan, United States",,POINT (-85.590344 44.755631),POINT (100.77522 18.776703),5JqJWTzD2wSWAp7UmFSP5x,folk
43,Kasey Chambers,/wiki/Kasey_Chambers,"Adelaide, South Australia, Australia","Mount Gambier, South Australia",POINT (138.602578 -34.929075),POINT (140.775335 -37.826477),6uATIQFyydDXPc2RlLzcUE,folk
44,Derroll Adams,/wiki/Derroll_Adams,,"Portland, Oregon",POINT (100.77522 18.776703),POINT (-122.650095 45.533467),0dcbZPNrE1zejMbLyUKxqd,folk
45,A Fragile Tomorrow,/wiki/A_Fragile_Tomorrow,"Montgomery, New York, United States",,POINT (-74.231774 41.560212),POINT (100.77522 18.776703),36j3p0TaCqKs24aXWiFY1X,folk
46,The Almanac Singers,/wiki/The_Almanac_Singers,New York City,,POINT (-73.9708 40.68295),POINT (100.77522 18.776703),6FJhtg2UjgNZk9e8tf6Zew,folk
47,Eric Andersen,/wiki/Eric_Andersen,,Pittsburgh,POINT (100.77522 18.776703),POINT (-79.936309 40.450508),6t2MHOFOYTYNUXi9CNjP5A,folk
48,Jamie Anderson,/wiki/Jamie_Anderson_(musician),,"Tucson, Arizona",POINT (100.77522 18.776703),POINT (-110.828987 32.19709),3QeUcfxQWae16K2zOaagyG,folk
49,Devendra Banhart,/wiki/Devendra_Banhart,,Houston,POINT (100.77522 18.776703),POINT (-95.361416 29.784753),1YZEoYFXx4AxVv13OiOPvZ,folk
50,Dan Bern,/wiki/Dan_Bern,,"Mount Vernon, Iowa",POINT (100.77522 18.776703),POINT (-91.424348 41.922991),73CZu9benZbhuQwq2NDuWL,folk
51,Leon Bibb,/wiki/Leon_Bibb_(musician),,"Louisville, Kentucky",POINT (100.77522 18.776703),POINT (-85.776881 38.141177),6h6rvsubMjxNgb5fvOo1mP,folk
52,Theodore Bikel,/wiki/Theodore_Bikel,,"Vienna, Austria",POINT (100.77522 18.776703),POINT (16.348388 48.198674),67p0NB8haJlULQy2gr4iKZ,folk
53,Billy Pilgrim,/wiki/Billy_Pilgrim_(group),United States,,POINT (-96.999246 39.71614),POINT (100.77522 18.776703),4rMdzVjq1qqizATeZrjn6l,folk
54,David Blue,/wiki/David_Blue_(musician),,Providence,POINT (100.77522 18.776703),POINT (-71.419697 41.826948),3gDmirZwdIYHGozUPScwgK,folk
55,Hugh Blumenfeld,/wiki/Hugh_Blumenfeld,,"Jamaica, Queens",POINT (100.77522 18.776703),POINT (-73.795405 40.70009),4ZNUlHvnHjxbxpzOkmkSwR,folk
56,Dock Boggs,/wiki/Dock_Boggs,,"Norton, Virginia",POINT (100.77522 18.776703),POINT (-82.635784 36.924988),2NwYS5UK1AbaTljDWp4uh0,folk
57,Gordon Bok,/wiki/Gordon_Bok,,Camden,POINT (100.77522 18.776703),POINT (-0.163523 51.543487),3ADqA3QBx9iTf6nfre13tr,folk
58,Ralston Bowles,/wiki/Ralston_Bowles,,"Gary, Indiana",POINT (100.77522 18.776703),POINT (-87.346784 41.589885),3JFJI7eRCGer7MGFJKOyot,folk
59,Oscar Brand,/wiki/Oscar_Brand,,"Winnipeg, Manitoba",POINT (100.77522 18.776703),POINT (-97.138026 49.874557),4moVbJTrAlRWytpFB8GjTz,folk
60,Brewer & Shipley,/wiki/Brewer_%26_Shipley,United States,,POINT (-96.999246 39.71614),POINT (100.77522 18.776703),4bx9rfUR9C0H26TEiVCwdi,folk
61,Chuck Brodsky,/wiki/Chuck_Brodsky,,Philadelphia,POINT (100.77522 18.776703),POINT (-75.168428 39.990821),2I1XI3eYHcCcfVM4rXCrvK,folk
62,David Bromberg,/wiki/David_Bromberg,,"Philadelphia, Pennsylvania",POINT (100.77522 18.776703),POINT (-75.168428 39.990821),0SOCskFcUcLj7Ful8w8KrL,folk
63,Jonatha Brooke,/wiki/Jonatha_Brooke,,Illinois,POINT (100.77522 18.776703),POINT (-89.191575 40.265028),3djsIvG79aMILDWDNiyChc,folk
64,The Brothers Four,/wiki/The_Brothers_Four,"Seattle, Washington, U.S.",,POINT (-122.331537 47.673455),POINT (100.77522 18.776703),0nd3tsqHVtnAWBCQgwtbIz,folk
65,Greg Brown,/wiki/Greg_Brown_(folk_musician),,"Fairfield, Iowa",POINT (100.77522 18.776703),POINT (-91.963301 41.006904),0nnDCl6emTFoWtygqSs4Jy,folk
66,Tim Buckley,/wiki/Tim_Buckley,,"Washington, D.C.",POINT (100.77522 18.776703),POINT (-77.01712 38.82652),6zHRqvws8dVeqL8D31ponr,folk
67,David Buskin,/wiki/David_Buskin,,"New York City, New York",POINT (100.77522 18.776703),POINT (-73.9708 40.68295),5MIUrmZEljn4H07pYXtXSN,folk
68,Andrew Calhoun,/wiki/Andrew_Calhoun,,"New Haven, Connecticut",POINT (100.77522 18.776703),POINT (-72.925298 41.308659),3w6ZSnKTU0HUe00F6yKyWG,folk
69,Hamilton Camp,/wiki/Hamilton_Camp,,"[1], London",POINT (100.77522 18.776703),POINT (120.944016 14.35107),5ND1l6L0UQD7KoAnMupeYY,folk
70,Mary Chapin Carpenter,/wiki/Mary_Chapin_Carpenter,,"Princeton, New Jersey",POINT (100.77522 18.776703),POINT (-74.672885 40.354435),0qAmeOULjwn04k6jMMeDyr,folk
71,Liz Carroll,/wiki/Liz_Carroll,,"Chicago, Illinois",POINT (100.77522 18.776703),POINT (-87.66063 41.87897),69WY727rgGm0EpEd7NSUHM,folk
72,Dave Carter,/wiki/Dave_Carter,,"Oxnard, California",POINT (100.77522 18.776703),POINT (-119.180285 34.195054),3DQlT4YRvt7NCncG9Pk3bE,folk
73,Chad Mitchell Trio,/wiki/Chad_Mitchell_Trio,"Spokane, Washington, United States",,POINT (-117.4058 47.660011),POINT (100.77522 18.776703),5WpHJJKKIF62r8hJfWUwID,folk
74,Len Chandler,/wiki/Len_Chandler,,"Akron, Ohio",POINT (100.77522 18.776703),POINT (-81.538266 41.078013),641w67BH81V0VVhxM1Tkya,folk
75,Tracy Chapman,/wiki/Tracy_Chapman,,"Cleveland, Ohio",POINT (100.77522 18.776703),POINT (-81.651327 41.496551),7oPgCQqMMXEXrNau5vxYZP,folk
76,Cherish the Ladies,/wiki/Cherish_the_Ladies,New York City,,POINT (-73.9708 40.68295),POINT (100.77522 18.776703),2IMfWWTIcBjATtXsM4GHej,folk
77,Vic Chesnutt,/wiki/Vic_Chesnutt,"Athens, Georgia, U.S.","Jacksonville, Florida",POINT (-83.358855 33.95759),POINT (-81.660992 30.369914),7EFfGZiKL1Ud3cspnlMq4H,folk
78,Meg Christian,/wiki/Meg_Christian,,"Lynchburg, Virginia",POINT (100.77522 18.776703),POINT (-79.14225 37.41375),2rf5kr52MmpgrluGfCSAsS,folk
79,The Civil Wars,/wiki/The_Civil_Wars,"Nashville, Tennessee, U.S.",,POINT (-86.834683 36.236907),POINT (100.77522 18.776703),6J7rw7NELJUCThPbAfyLIE,folk
80,Paul Clayton,/wiki/Paul_Clayton_(folksinger),,"New Bedford, Massachusetts",POINT (100.77522 18.776703),POINT (-70.9457 41.667736),0OP3vGdafC4R9cXSoyRm9B,folk
81,Shana Cleveland,/wiki/Shana_Cleveland,,"Kalamazoo, Michigan",POINT (100.77522 18.776703),POINT (-85.587168 42.274924),5E6dR5oDjhT39zr1YuXRq0,folk
82,Judy Collins,/wiki/Judy_Collins,"Denver, Colorado, U.S.","Seattle, Washington",POINT (-104.985798 39.740959),POINT (-122.331537 47.673455),5yzE49FicYiSxN61oaxkNn,folk
83,Shawn Colvin,/wiki/Shawn_Colvin,"Carbondale, Illinois, U.S.","Vermillion, South Dakota",POINT (-89.222269 37.721252),POINT (-96.924403 42.783249),0K7VN4aHxHcEb7PqkfoIVA,folk
84,Annette Conlon,/wiki/Annette_Conlon,"Colorado Springs, Colorado, U.S.",Ohio,POINT (-104.813228 38.875356),POINT (-82.883453 40.262259),31ROIrco1CXetL8ZbkYatx,folk
85,Matt Costa,/wiki/Matt_Costa,,"Huntington Beach, California",POINT (100.77522 18.776703),POINT (-117.999037 33.678349),0EghvcisxKybq4CVO7rB5t,folk
86,Elizabeth Cotten,/wiki/Elizabeth_Cotten,,"Carrboro, North Carolina",POINT (100.77522 18.776703),POINT (-79.087302 35.921241),1eTZGzLkukATM7FoGltyFs,folk
87,Jim Croce,/wiki/Jim_Croce,,Philadelphia,POINT (100.77522 18.776703),POINT (-75.168428 39.990821),1R6Hx1tJ2VOUyodEpC12xM,folk
88,Sis Cunningham,/wiki/Sis_Cunningham,"Watonga, Oklahoma, U.S.",,POINT (-98.416206 35.849614),POINT (100.77522 18.776703),65Q1w5t5usDLaJN4o3NxPU,folk
89,Catie Curtis,/wiki/Catie_Curtis,"Boston, Massachusetts, U.S.",,POINT (-71.048611 42.355492),POINT (100.77522 18.776703),4WB32sqN839h5BEYYXTeNE,folk
90,Barbara Dane,/wiki/Barbara_Dane,,Detroit,POINT (100.77522 18.776703),POINT (-83.164558 42.398648),7htyUKqAPLpbTA9nkEhGRf,folk
91,Erik Darling,/wiki/Erik_Darling,,"Baltimore, Maryland",POINT (100.77522 18.776703),POINT (-76.649533 39.319732),10d2A1Q9bdMCwYnh1yp4rI,folk
92,Grey DeLisle,/wiki/Grey_DeLisle,,"Fort Ord, California",POINT (100.77522 18.776703),POINT (-118.893161 34.214603),2crxUkgEZN8zedQMY49EOt,folk
93,Kris Delmhorst,/wiki/Kris_Delmhorst,United States,Brooklyn,POINT (-96.999246 39.71614),POINT (-73.956582 40.652256),05dHTLCAf68OSX0me9Tmfx,folk
94,Iris DeMent,/wiki/Iris_DeMent,,"Paragould, Arkansas",POINT (100.77522 18.776703),POINT (-90.520097 36.052242),3NPZs8XgXtaWslUcnIw6rY,folk
95,John Denver,/wiki/John_Denver,,"Roswell, New Mexico",POINT (100.77522 18.776703),POINT (-104.530202 33.398291),7EK1bQADBoqbYXnT4Cqv9w,folk
96,Ani DiFranco,/wiki/Ani_DiFranco,,"Buffalo, New York",POINT (100.77522 18.776703),POINT (-78.852918 42.890831),0AiTwNtYX8m4uhfU7rJ8RD,folk
97,Alice Di Micele,/wiki/Alice_Di_Micele,,"Elizabeth, New Jersey",POINT (100.77522 18.776703),POINT (-74.186213 40.666597),5GTLKa7etYFhkKklJyoSgX,folk
98,disappear fear,/wiki/Disappear_fear,"Baltimore, Maryland, United States",,POINT (-76.649533 39.319732),POINT (100.77522 18.776703),3w9VdyLCuydUbddlqD0IWj,folk
99,Alix Dobkin,/wiki/Alix_Dobkin,,"New York, New York",POINT (100.77522 18.776703),POINT (-73.9708 40.68295),52HZJF62jc0beCkLpAbo93,folk
100,DW (Dave) Drouillard,/wiki/DW_(Dave)_Drouillard,,"Buffalo, New York",POINT (100.77522 18.776703),POINT (-78.852918 42.890831),4bsWHdJkFtq1r3TcXtKGdv,folk
101,Antje Duvekot,/wiki/Antje_Duvekot,"Philadelphia, Pennsylvania, United States","Heidelberg, West Germany",POINT (-75.168428 39.990821),POINT (9.687096 50.970097),31XQG7XFy8NkgA1ZLPZM3S,folk
102,Bob Dylan,/wiki/Bob_Dylan,,"Duluth, Minnesota",POINT (100.77522 18.776703),POINT (-92.124905 46.798069),74ASZWbe4lXaubB36ztrGX,folk
103,Eddie from Ohio,/wiki/Eddie_from_Ohio,"Virginia, United States",,POINT (-78.376655 37.73086),POINT (100.77522 18.776703),2DVqRDtPOOCl9gbzlhJkZg,folk
104,Cass Elliot,/wiki/Cass_Elliot,,Baltimore,POINT (100.77522 18.776703),POINT (-76.649533 39.319732),5jX7X3kRkfJTRqAdT7RcHk,folk
105,Ramblin' Jack Elliott,/wiki/Ramblin%27_Jack_Elliott,"Brooklyn, New York, United States",,POINT (-73.956582 40.652256),POINT (100.77522 18.776703),6iuM8yp1x2N0l6SONhyq4b,folk
106,Mark Erelli,/wiki/Mark_Erelli,,"Boston, Massachusetts",POINT (100.77522 18.776703),POINT (-71.048611 42.355492),7s3wus2jgjwHQXjFXAQfB2,folk
107,John Fahey,/wiki/John_Fahey_(musician),,"Washington, D.C.",POINT (100.77522 18.776703),POINT (-77.01712 38.82652),4js8BDiQwnHLlDmT1shPH7,folk
108,Mimi Fariña,/wiki/Mimi_Fari%C3%B1a,,Palo Alto,POINT (100.77522 18.776703),POINT (-122.127302 37.431169),3CCf0ToNoY3qXMCnVJrSop,folk
109,Richard Fariña,/wiki/Richard_Fari%C3%B1a,,New York City,POINT (100.77522 18.776703),POINT (-73.9708 40.68295),2mQkR9H7yBeT3tJ9vaGPjp,folk
110,Anne Feeney,/wiki/Anne_Feeney,,"Charleroi, Pennsylvania",POINT (100.77522 18.776703),POINT (-79.900053 40.138192),2py8XT26ENqhTZFgDB32oy,folk
111,Melissa Ferrick,/wiki/Melissa_Ferrick,"Ipswich, Massachusetts, United States",,POINT (-70.83094 42.707694),POINT (100.77522 18.776703),6t9IqIePOaGmN4dsL5qQgS,folk
112,Steve Forbert,/wiki/Steve_Forbert,,"Meridian, Mississippi",POINT (100.77522 18.776703),POINT (-88.704986 32.384975),3oAbjWINfcTSAuVUlXXMty,folk
113,Mark Fosson,/wiki/Mark_Fosson,Eastern Kentucky,,POINT (-82.80599 37.51704),POINT (100.77522 18.776703),1EbntFgtNs5xb6RCa7czk6,folk
114,Jeffrey Foucault,/wiki/Jeffrey_Foucault,"Whitewater, Wisconsin, United States",,POINT (-88.73712 42.835754),POINT (100.77522 18.776703),7i36YYqKiSqVihxTcvLSBK,folk
115,Bob Franke,/wiki/Bob_Franke,,"Hamtramck, Michigan",POINT (100.77522 18.776703),POINT (-83.053264 42.394731),549lq7KH0kmFc6aGPDh4Ft,folk
116,Donavon Frankenreiter,/wiki/Donavon_Frankenreiter,"Downey, California, United States",,POINT (-118.13387 33.93656),POINT (100.77522 18.776703),2IAZ2xX1Ovh5jxhBWE7wda,folk
117,Debbie Friedman,/wiki/Debbie_Friedman,,"Utica, New York",POINT (100.77522 18.776703),POINT (-75.213888 43.098752),4q1wUtYNvarbN3rHViYKlm,folk
118,Gaia Consort,/wiki/Gaia_Consort,Seattle,,POINT (-122.331537 47.673455),POINT (100.77522 18.776703),1AJXK4InICD9BG5gM3mMcS,folk
119,Garfunkel and Oates,/wiki/Garfunkel_and_Oates,"Los Angeles, California, U.S.",,POINT (-118.25703 34.05513),POINT (100.77522 18.776703),2wZcAibn3pVsNvp95HQx8n,folk
120,Mary Gauthier,/wiki/Mary_Gauthier,,New Orleans,POINT (100.77522 18.776703),POINT (-89.889852 30.056708),4SK1IgkcWWc5HC1TOBq1VS,folk
121,Bob Gibson,/wiki/Bob_Gibson_(musician),,Brooklyn,POINT (100.77522 18.776703),POINT (-73.956582 40.652256),5WLoAqg0ZvFZhRImCFIuBE,folk
122,Ronnie Gilbert,/wiki/Ronnie_Gilbert,,"Brooklyn, New York, New York",POINT (100.77522 18.776703),POINT (-73.956582 40.652256),3eygVwHBnCJUSs5yZ6hhdN,folk
123,Eliza Gilkyson,/wiki/Eliza_Gilkyson,,"Hollywood, Los Angeles, California",POINT (100.77522 18.776703),POINT (-118.326908 34.10021),1x2vfyp8dGA84qgwb3D9QG,folk
124,Terry Gilkyson,/wiki/Terry_Gilkyson,,"Phoenixville, Pennsylvania",POINT (100.77522 18.776703),POINT (-75.522459 40.134163),6QvKZKLAUDRBn0fOtS3Gaf,folk
125,Steve Goodman,/wiki/Steve_Goodman,,"Chicago, Illinois",POINT (100.77522 18.776703),POINT (-87.66063 41.87897),0n5eyZr2XjOLUODPGZrlLB,folk
126,John Gorka,/wiki/John_Gorka,,"Colonia, New Jersey",POINT (100.77522 18.776703),POINT (-74.314682 40.592647),2MWKhzU2iggdtLs4xLTqrP,folk
127,Tracy Grammer,/wiki/Tracy_Grammer,,"Homestead, Florida, U.S.",POINT (100.77522 18.776703),POINT (-80.443032 25.460881),3VN5sD7hLy1j1RAzgHpGED,folk
128,Greenbriar Boys,/wiki/Greenbriar_Boys,"New York City, New York, U.S.",,POINT (-73.9708 40.68295),POINT (100.77522 18.776703),7xhEuOtvDtyDjvRPztjyKX,folk
129,Patty Griffin,/wiki/Patty_Griffin,"Old Town, Maine, U.S.",,POINT (-68.741329 44.949705),POINT (100.77522 18.776703),7tNLRmiAN8hpmFrbIHiHsy,folk
130,Nanci Griffith,/wiki/Nanci_Griffith,,"Seguin, Texas",POINT (100.77522 18.776703),POINT (-97.967398 29.582392),5CAiy5rDr3LaSoGtJOq6A0,folk
131,Arlo Guthrie,/wiki/Arlo_Guthrie,,Brooklyn,POINT (100.77522 18.776703),POINT (-73.956582 40.652256),0B6QEFtRnneEzb4iqjI0Nw,folk
132,Sarah Lee Guthrie,/wiki/Sarah_Lee_Guthrie,"California, United States",,POINT (-119.586168 36.531544),POINT (100.77522 18.776703),0vDFYlSoT0ODd039aKnX96,folk
133,Woody Guthrie,/wiki/Woody_Guthrie,,"Okemah, Oklahoma",POINT (100.77522 18.776703),POINT (-96.309514 35.435175),4rAgFKtlTr66ic18YZZyF1,folk
134,Kristen Hall,/wiki/Kristen_Hall,"Atlanta, Georgia, U.S.",,POINT (-84.414581 33.769805),POINT (100.77522 18.776703),0527Sy7Q2pROOs0fFWCN3M,folk
135,Frank Hamilton,/wiki/Frank_Hamilton_(musician),United States,,POINT (-96.999246 39.71614),POINT (100.77522 18.776703),4h1KKGcIKkVPfuH6K7nVYa,folk
136,Kristy Hanson,/wiki/Kristy_Hanson,"Shaker Heights, Cleveland, United States",,POINT (-81.651327 41.496551),POINT (100.77522 18.776703),5Y2qcuBccI5UhQhxtif7vQ,folk
137,Jack Hardy,/wiki/Jack_Hardy_(singer-songwriter),"Greenwich Village, New York City, U.S.",,POINT (-73.996497 40.731498),POINT (100.77522 18.776703),2NeVp4TDUH0e3LXYmAXo81,folk
138,Kelly Harrell,/wiki/Kelly_Harrell,"Virginia, United States",,POINT (-78.376655 37.73086),POINT (100.77522 18.776703),2ojv6CmzZUTS641pPo27Fd,folk
139,Bess Lomax Hawes,/wiki/Bess_Lomax_Hawes,,"Austin, Texas",POINT (100.77522 18.776703),POINT (-97.836521 30.222346),6LoF0oYc5FQIeA0Nc9LGwc,folk
140,Lee Hays,/wiki/Lee_Hays,,"Little Rock, Arkansas",POINT (100.77522 18.776703),POINT (-92.355844 34.713561),19ZejdTub8LEUGFX1kC60v,folk
141,John Herald,/wiki/John_Herald,,"New York City, New York",POINT (100.77522 18.776703),POINT (-73.9708 40.68295),3bGVjMzmXhJmFIcdkYcd7d,folk
142,Priscilla Herdman,/wiki/Priscilla_Herdman,,"Eastchester, New York",POINT (100.77522 18.776703),POINT (-73.805738 40.969253),6xv67uJihcE7lpvMVlG19a,folk
143,Carolyn Hester,/wiki/Carolyn_Hester,"Waco, Texas, United States",,POINT (-97.196228 31.561038),POINT (100.77522 18.776703),5Yy26jXSEFqj1art47bJyc,folk
144,Sara Hickman,/wiki/Sara_Hickman,,"Jacksonville, North Carolina",POINT (100.77522 18.776703),POINT (-77.419369 34.738215),2ycLfo67vYC5YJsx3e7e0c,folk
145,Anne Hills,/wiki/Anne_Hills,,Moradabad,POINT (100.77522 18.776703),POINT (78.762873 28.835952),1l0ZBi4Ua63psmX8grSrND,folk
146,David Holt,/wiki/David_Holt_(musician),,"Gatesville, Texas",POINT (100.77522 18.776703),POINT (-97.721347 31.429695),2e1nAd2hOpaHOTTgQ3SepK,folk
147,Holy Modal Rounders,/wiki/Holy_Modal_Rounders,"Lower East Side, New York, NY, USA",,POINT (-73.987323 40.717428),POINT (100.77522 18.776703),5ZjKW4JhcFuOXLpuJrr8wJ,folk
148,Rita Hosking,/wiki/Rita_Hosking,,"Davis, California",POINT (100.77522 18.776703),POINT (-121.725799 38.550067),0mTFlPTXxh8UAV04MwW7al,folk
149,Cisco Houston,/wiki/Cisco_Houston,,"Wilmington, Delaware",POINT (100.77522 18.776703),POINT (-75.512825 39.72266),1N5hj4BNumkXa8D3fyfMYE,folk
150,Michael Hurley,/wiki/Michael_Hurley_(musician),,"Bucks County, Pennsylvania",POINT (100.77522 18.776703),POINT (-75.196406 40.408713),3XHvzfKFZkSXEUiZE4WrIz,folk
151,Janis Ian,/wiki/Janis_Ian,,"Farmingdale, New Jersey",POINT (100.77522 18.776703),POINT (-74.170675 40.19918),5c9uFWpZY2MTlk7Rft0tgp,folk
152,Indigo Girls,/wiki/Indigo_Girls,"Atlanta, Georgia, United States",,POINT (-84.414581 33.769805),POINT (100.77522 18.776703),4wM29TDTr3HI0qFY3KoSFG,folk
153,Iron & Wine,/wiki/Iron_%26_Wine,,"Chapin, South Carolina",POINT (100.77522 18.776703),POINT (-81.349678 34.165697),6mdiAmATAx73kdxrNrnlao,folk
154,Bon Iver,/wiki/Bon_Iver,"Eau Claire, Wisconsin, U.S.",,POINT (-91.502276 44.818433),POINT (100.77522 18.776703),4LEiUm1SRbFMgfqnQTwUbQ,folk
155,Burl Ives,/wiki/Burl_Ives,,"Hunt City, Illinois",POINT (100.77522 18.776703),POINT (-88.01989 39.054293),0MHgLfmQdutffmvWe5XBTN,folk
156,Ella Jenkins,/wiki/Ella_Jenkins,"Chicago, Illinois, U.S.","St. Louis, Missouri",POINT (-87.66063 41.87897),POINT (-90.244086 38.633024),2AdaJlzNcOpdrvMSBN92Wp,folk
157,Jewel Kilcher,/wiki/Jewel_Kilcher,"Homer, Alaska, U.S.","Payson, Utah",POINT (-151.502169 59.644845),POINT (-111.732356 40.038758),05cqfWVtssCo3KVcqEAYG3,folk
158,Mason Jennings[1],/wiki/Mason_Jennings,"Minneapolis, Minnesota, U.S.","Honolulu, Hawaii",POINT (-93.266563 44.96313),POINT (-157.789396 21.40572),6CQrZZn0g2ZNfIcXbi4pdo,folk
159,Orville Johnson,/wiki/Orville_Johnson,,Edwardsville,POINT (100.77522 18.776703),POINT (-89.983617 38.788989),1SdW8XTCAkjTC5qt3G4EW1,folk
160,Freedy Johnston,/wiki/Freedy_Johnston,"Kinsley, Kansas",,POINT (-99.411208 37.921949),POINT (100.77522 18.776703),5aeoG3xBrai5JsTqVmmgj0,folk
161,Dick Justice,/wiki/Dick_Justice_(singer),,"East Lynn, West Virginia, [1]",POINT (100.77522 18.776703),POINT (30.01053 -30.00956),4NsftmqvmNQqMhfD5WJN7n,folk
162,Noah Kahan,/wiki/Noah_Kahan,,"Strafford, Vermont",POINT (100.77522 18.776703),POINT (-72.366819 43.869165),2RQXRUsr4IW1f3mKyKsy4B,folk
163,Lucy Kaplansky,/wiki/Lucy_Kaplansky,"Chicago, Illinois, U.S.",,POINT (-87.66063 41.87897),POINT (100.77522 18.776703),1TrFdcZHtuaF2r7vgFyfiz,folk
164,Buell Kazee,/wiki/Buell_Kazee,"Magoffin County, Kentucky, USA",,POINT (-83.067918 37.740737),POINT (100.77522 18.776703),6tcyQ0ycaAsYbjhoDOt1jd,folk
165,The Kennedys,/wiki/The_Kennedys_(band),"New York, US",,POINT (-73.9708 40.68295),POINT (100.77522 18.776703),38KVwdXUvepibtHMYKF6Bm,folk
166,Charlie King,/wiki/Charlie_King_(folksinger),,"Brockton, Massachusetts",POINT (100.77522 18.776703),POINT (-71.025192 42.084936),1Zu42Zg5rpybf2wn5G8Jn9,folk
167,The Kingston Trio,/wiki/The_Kingston_Trio,"Palo Alto, California",,POINT (-122.127302 37.431169),POINT (100.77522 18.776703),3qtcbDvdIgQOXkPbtRvBaQ,folk
168,Bonnie Koloc,/wiki/Bonnie_Koloc,"Chicago, Illinois",,POINT (-87.66063 41.87897),POINT (100.77522 18.776703),4IaGDEEdbfXdudtworAdym,folk
169,Leo Kottke,/wiki/Leo_Kottke,,"Athens, Georgia",POINT (100.77522 18.776703),POINT (-83.358855 33.95759),6cjuHeJM6CHRUhIhApwFwx,folk
170,Peter La Farge,/wiki/Peter_La_Farge,United States,,POINT (-96.999246 39.71614),POINT (100.77522 18.776703),043WRXguGXwwwPHGnNz20i,folk
171,Jimmy LaFave,/wiki/Jimmy_LaFave,,"Wills Point, Texas",POINT (100.77522 18.776703),POINT (-96.007825 32.709672),3PCC1w6AJvKLFpZbDJrsGe,folk
172,Bruce Langhorne,/wiki/Bruce_Langhorne,,"Tallahassee, Florida",POINT (100.77522 18.776703),POINT (-84.262894 30.449457),3qznYzY3OEo9gewAVrGFHr,folk
173,Patty Larkin,/wiki/Patty_Larkin,,"Des Moines, Iowa",POINT (100.77522 18.776703),POINT (-93.61043 41.574349),5Wbs3NarmOuhdA754hveyb,folk
174,Lavender Diamond,/wiki/Lavender_Diamond,"Los Angeles, California, USA",,POINT (-118.25703 34.05513),POINT (100.77522 18.776703),2Z1N9zMrbKe6emt3mhc6Kw,folk
175,Lead Belly,/wiki/Lead_Belly,,"[1], Mooringsport, Louisiana",POINT (100.77522 18.776703),POINT (87.18018 27.23006),3Ovf2lytXSXWFM2cwsJACC,folk
176,Katie Lee,/wiki/Katie_Lee_(singer),,"Aledo, Illinois",POINT (100.77522 18.776703),POINT (-90.749195 41.199297),7mKkP1VviPDyZv98EOFT67,folk
177,Julius Lester,/wiki/Julius_Lester,,"St. Louis, Missouri",POINT (100.77522 18.776703),POINT (-90.244086 38.633024),5aTwY2xyrJy4cS1jlFg1oG,folk
178,Lily and Maria,/wiki/Lily_and_Maria,"New York City, United States",,POINT (-73.9708 40.68295),POINT (100.77522 18.776703),1Iigbsm3q7W1uYsngWLxWJ,folk
179,The Limeliters,/wiki/The_Limeliters,"Los Angeles, CaliforniaUnited States[1]",,POINT (-118.25703 34.05513),POINT (100.77522 18.776703),08Zx5pufnilNAjm28CauiH,folk
180,Alan Lomax,/wiki/Alan_Lomax,,Austin,POINT (100.77522 18.776703),POINT (-97.836521 30.222346),1u8YzEYh6gvvFog95WtAao,folk
181,Laura Love,/wiki/Laura_Love_(musician),,"Lincoln, Nebraska",POINT (100.77522 18.776703),POINT (-96.669266 40.817753),1fcl0zZe6uWTKJt57TZOaH,folk
182,Woody Mann,/wiki/Woody_Mann,,New York City,POINT (100.77522 18.776703),POINT (-73.9708 40.68295),3lEqWbIKIfQy7Wl36z04Cd,folk
183,Roger Manning,/wiki/Roger_Manning,New York City,[1],POINT (-73.9708 40.68295),POINT (87.18018 27.23006),7bi8x4Ms2FZ74J6c1qaYLw,folk
184,Ed McCurdy,/wiki/Ed_McCurdy,,"Willow Hill, Pennsylvania",POINT (100.77522 18.776703),POINT (-77.838617 40.860198),4YnvE72EzUsNg2fGvRPX80,folk
185,John McCutcheon,/wiki/John_McCutcheon,,"Wausau, Wisconsin",POINT (100.77522 18.776703),POINT (-89.636599 44.963489),0TzlaraGqiaAfTjqTh96dc,folk
186,Brownie McGhee,/wiki/Brownie_McGhee,,"Knoxville, Tennessee",POINT (100.77522 18.776703),POINT (-83.969472 35.973011),3qXzj7WzBV3kwy1yEV1RcC,folk
187,Lori McKenna,/wiki/Lori_McKenna,,"[1], Stoughton, Massachusetts",POINT (100.77522 18.776703),POINT (87.18018 27.23006),1OV5mEATxtVma7fleFaUyl,folk
188,Will McLean,/wiki/Will_McLean,,Chipley,POINT (100.77522 18.776703),POINT (-97.03582 28.78666),5kCu7POOERJVJuIiaExiLu,folk
189,Melanie,/wiki/Melanie_(singer),,"Queens, New York City",POINT (100.77522 18.776703),POINT (-73.805154 40.718804),63yrD80RY3RNEM2YDpUpO8,folk
190,Ingrid Michaelson,/wiki/Ingrid_Michaelson,,[2],POINT (100.77522 18.776703),POINT (85.61 26.94242),2vm8GdHyrJh2O2MfbQFYG0,folk
191,Roger Miller,/wiki/Roger_Miller,,"Fort Worth, Texas",POINT (100.77522 18.776703),POINT (-97.33181 32.729442),1RP2UpEaRzkF0Id3JigqD8,folk
192,Anaïs Mitchell,/wiki/Ana%C3%AFs_Mitchell,"Montpelier, Vermont, U.S.",,POINT (-72.57541 44.263716),POINT (100.77522 18.776703),7K5Lm5dxoEwEpOS0Fc3l3s,folk
193,Modern Folk Quartet,/wiki/Modern_Folk_Quartet,"Honolulu, Hawaii, U.S.",,POINT (-157.789396 21.40572),POINT (100.77522 18.776703),59X1CgTPQ9X7ul7hqJa33t,folk
194,Alastair Moock,/wiki/Alastair_Moock,"Boston, Massachusetts, United States",,POINT (-71.048611 42.355492),POINT (100.77522 18.776703),5NwLASbIjDj6FUgaEa1NMz,folk
195,Bill Morrissey,/wiki/Bill_Morrissey,,"Hartford, Connecticut",POINT (100.77522 18.776703),POINT (-72.690228 41.765566),0Uz5dRNDckEVy2sLjqBJBq,folk
196,Jason Mraz,/wiki/Jason_Mraz,,"Mechanicsville, Virginia",POINT (100.77522 18.776703),POINT (-77.365716 37.629118),4phGZZrJZRo4ElhRtViYdl,folk
197,Moxy Früvous,/wiki/Moxy_Fr%C3%BCvous,"Thornhill, Ontario, Canada",,POINT (-79.429779 43.820285),POINT (100.77522 18.776703),0BNlQMIqqy5qIxSL9aph4u,folk
198,Geoff Muldaur,/wiki/Geoff_Muldaur,,"Pelham, New York",POINT (100.77522 18.776703),POINT (-73.807569 40.911196),4sMx1e0u3YtLawVuN3RsFD,folk
199,Holly Near,/wiki/Holly_Near,,"Ukiah, California",POINT (100.77522 18.776703),POINT (-123.20744 39.147123),55coNbEHd5rBUgUIXyUVNW,folk
200,Fred Neil,/wiki/Fred_Neil,,Cleveland,POINT (100.77522 18.776703),POINT (-81.651327 41.496551),3xmUdkZUQbtMM62XP4nnb6,folk
201,The New Christy Minstrels,/wiki/The_New_Christy_Minstrels,United States,,POINT (-96.999246 39.71614),POINT (100.77522 18.776703),77OdfWXrYy6DcYPzmUOr6a,folk
202,Carrie Newcomer,/wiki/Carrie_Newcomer,,Dowagiac,POINT (100.77522 18.776703),POINT (-86.111209 41.984194),5RsLS2CnzkMCGfl3FobdUR,folk
203,Joanna Newsom,/wiki/Joanna_Newsom,,"Grass Valley, California",POINT (100.77522 18.776703),POINT (-121.055374 39.227706),4gn6f5jaOO75s0oF7ozqGG,folk
204,Nickel Creek,/wiki/Nickel_Creek,"Carlsbad, California, U.S.",,POINT (-117.288417 33.121741),POINT (100.77522 18.776703),3bcLBxvaI7GsBzGp3WHnwQ,folk
205,Willie Nile,/wiki/Willie_Nile,"Buffalo, New York","Buffalo, New York",POINT (-78.852918 42.890831),POINT (-78.852918 42.890831),42chtGdwnAdG2TECndse7J,folk
206,Conor Oberst,/wiki/Conor_Oberst,,"Omaha, Nebraska",POINT (100.77522 18.776703),POINT (-95.989632 41.261377),2Z7gV3uEh1ckIaBzTUCE6R,folk
207,Phil Ochs,/wiki/Phil_Ochs,"New York City, U.S.","El Paso, Texas",POINT (-73.9708 40.68295),POINT (-106.488793 31.818409),3JhQGw54MOytJP3GZ8KNPo,folk
208,Mark O'Connor,/wiki/Mark_O%27Connor,,"[1], Mountlake Terrace, Washington",POINT (100.77522 18.776703),POINT (-112.447086 42.918947),5zfaMrd5q4szVTxVYWuoDV,folk
209,Odetta,/wiki/Odetta,,"Birmingham, Alabama",POINT (100.77522 18.776703),POINT (-86.800929 33.530651),2wkz8hACugzAvF0voupg3H,folk
210,Jerry O'Sullivan,/wiki/Jerry_O%27Sullivan_(musician),,"New York City, New York",POINT (100.77522 18.776703),POINT (-73.9708 40.68295),6BDcotssTh0uk4AbcuEugb,folk
211,Jim Page,/wiki/Jim_Page_(singer),,"Palo Alto, California",POINT (100.77522 18.776703),POINT (-122.127302 37.431169),3OfefzRdoMKkvIs7uVPuyH,folk
212,Patrick Park,/wiki/Patrick_Park,"Morrison, Colorado, U.S.",[1],POINT (-105.206821 39.624605),POINT (87.18018 27.23006),4I1ZPDoEcZOul26MTXDhNO,folk
213,Tom Paxton,/wiki/Tom_Paxton,,"Chicago, Illinois",POINT (100.77522 18.776703),POINT (-87.66063 41.87897),55kipiKplrHBCZN6L1gtrv,folk
214,Ellis Paul,/wiki/Ellis_Paul,"Boston, Massachusetts, U.S.","Fort Kent, Maine",POINT (-71.048611 42.355492),POINT (-68.580421 47.259417),6zbmVVtvsmXRGWGgfjlE35,folk
215,Alice Peacock,/wiki/Alice_Peacock,"White Bear Lake, Minnesota, U.S.",,POINT (-93.014531 45.054887),POINT (100.77522 18.776703),58UCFxYeO9fczztva9OyEY,folk
216,"Peter, Paul & Mary","/wiki/Peter,_Paul_%26_Mary","New York City, U.S.",,POINT (-73.9708 40.68295),POINT (100.77522 18.776703),6yrBBtqX2gKCHCrZOYBDrB,folk
217,Gretchen Peters,/wiki/Gretchen_Peters,,"Bronxville, New York",POINT (100.77522 18.776703),POINT (-73.826451 40.939469),1DSLJBOwoz0HhiFMIKhZxe,folk
218,Utah Phillips,/wiki/Utah_Phillips,,Cleveland,POINT (100.77522 18.776703),POINT (-81.651327 41.496551),5RLF6ZZByoDWUVg6kjBk0z,folk
219,Phranc,/wiki/Phranc,,"Santa Monica, California",POINT (100.77522 18.776703),POINT (-118.479052 34.021711),4C9tHOnOA0dM82s17rmKjF,folk
220,John Prine,/wiki/John_Prine,,"Maywood, Illinois",POINT (100.77522 18.776703),POINT (-87.843891 41.879553),0nJUwPwC9Ti4vvuJ0q3MfT,folk
221,Chris Pureka,/wiki/Chris_Pureka,,"[1], Connecticut",POINT (100.77522 18.776703),POINT (-117.794705 33.710663),0TcLzrilnmNFyaTgLULSg3,folk
222,Joshua Radin,/wiki/Joshua_Radin,"Cleveland, Ohio, U.S.",,POINT (-81.651327 41.496551),POINT (100.77522 18.776703),7omzannyG2lfDqP5xyZo34,folk
223,Ratsy,/wiki/Ratsy,,Jackson,POINT (100.77522 18.776703),POINT (-90.229913 32.30835),5OlARALdX4igefmFOROcjB,folk
224,Toshi Reagon,/wiki/Toshi_Reagon,"Washington, D.C.","Atlanta, Georgia",POINT (-77.01712 38.82652),POINT (-84.414581 33.769805),1WUAzIurvlhaWxB7fpcuOM,folk
225,Rebecca Riots,/wiki/Rebecca_Riots_(band),"Berkeley, California, US",,POINT (-122.297864 37.865832),POINT (100.77522 18.776703),3rm5p2jVWAzX5ZbGocbTNB,folk
226,Red Molly,/wiki/Red_Molly,New York,,POINT (-73.9708 40.68295),POINT (100.77522 18.776703),2fV3UnBvyFUPV6JQJJZOv2,folk
227,Malvina Reynolds,/wiki/Malvina_Reynolds,,"San Francisco, California",POINT (100.77522 18.776703),POINT (-122.431272 37.778008),5fhMeS3lpUqUpTNuAxU2rN,folk
228,Jean Ritchie,/wiki/Jean_Ritchie,,"Viper, Kentucky",POINT (100.77522 18.776703),POINT (-83.14823 37.18287),7cWhIVoEYJd0oWnxULFt8s,folk
229,Josh Ritter,/wiki/Josh_Ritter,,"Moscow, Idaho",POINT (100.77522 18.776703),POINT (-116.993113 46.732566),6igfLpd8s6DBBAuwebRUuo,folk
230,The Roches,/wiki/The_Roches,"Park Ridge, New Jersey, U.S.",,POINT (-74.042763 41.036337),POINT (100.77522 18.776703),2BbwJ8VxAFpJiFr7EHvcCW,folk
231,Libby Roderick,/wiki/Libby_Roderick,"Anchorage, Territory of Alaska, US",,POINT (-149.358257 61.195429),POINT (100.77522 18.776703),1IVub12Ffx56KIVhTIGOGU,folk
232,The Rooftop Singers,/wiki/The_Rooftop_Singers,United States,,POINT (-96.999246 39.71614),POINT (100.77522 18.776703),6Gb08eT3LlkGynDscl9vbz,folk
233,Jack Rose,/wiki/Jack_Rose_(guitarist),,"Fredericksburg, Virginia",POINT (100.77522 18.776703),POINT (-77.482857 38.296804),0K6DXvfMXmF7L4h0P7Ivva,folk
234,Josh Rouse,/wiki/Josh_Rouse,"Tennessee, United States","Oshkosh, Nebraska",POINT (-86.343764 35.820245),POINT (-102.52657 41.308812),38euc5ce2q2MMzaoJcPstz,folk
235,Tom Rush,/wiki/Tom_Rush,,"Portsmouth, New Hampshire",POINT (100.77522 18.776703),POINT (-70.783285 43.058708),6vI5AwXkw8IFD7zsw6NkTp,folk
236,The Sandpipers,/wiki/The_Sandpipers,"California, U.S.",,POINT (-119.586168 36.531544),POINT (100.77522 18.776703),3iBuBivHItWMpdiVmLT0uB,folk
237,Claudia Schmidt,/wiki/Claudia_Schmidt_(musician),,"New Baltimore, Michigan",POINT (100.77522 18.776703),POINT (-82.737854 42.685583),2Xwy23kFCVIEorTNk7vmhB,folk
238,Eric Schwartz,/wiki/Eric_Schwartz_(songwriter),"Newton, Massachusetts, U.S.",,POINT (-71.204562 42.335091),POINT (100.77522 18.776703),2wmjSzz9TcqPgSNMGAVksR,folk
239,Mike Seeger,/wiki/Mike_Seeger,"New York City, New York, U.S.",New York City,POINT (-73.9708 40.68295),POINT (-73.9708 40.68295),7kJfeECt6CmcCBM8uX1td8,folk
240,Peggy Seeger,/wiki/Peggy_Seeger,,New York City,POINT (100.77522 18.776703),POINT (-73.9708 40.68295),0gXQn7UrpopDb2TIkmIjoU,folk
241,Martin Sexton,/wiki/Martin_Sexton,,"Syracuse, New York",POINT (100.77522 18.776703),POINT (-76.148211 43.043536),16HLVuiCN8iGYhBca7lsqE,folk
242,The Shells,/wiki/The_Shells_(band),"Brooklyn, New York, United States",,POINT (-73.956582 40.652256),POINT (100.77522 18.776703),7ywuUxIhs0wsrflxhUhvNb,folk
243,Richard Shindell,/wiki/Richard_Shindell,,"Lakehurst, New Jersey",POINT (100.77522 18.776703),POINT (-74.321473 40.013336),0ONG1ffKzhVIm4arvvLPHl,folk
244,Michelle Shocked,/wiki/Michelle_Shocked,"Dallas, Texas[2]",[1],POINT (-99.076239 19.505506),POINT (87.18018 27.23006),7vma2XD1xEuvoLbR43MZ9p,folk
245,Paul Siebel,/wiki/Paul_Siebel,,Buffalo,POINT (100.77522 18.776703),POINT (-78.852918 42.890831),5EB5q368CZpEhSbLIVIAXh,folk
246,Judee Sill,/wiki/Judee_Sill,,"Los Angeles, California",POINT (100.77522 18.776703),POINT (-118.25703 34.05513),2IkwqvwEnXFlZEq6eFP1wL,folk
247,Simon & Garfunkel,/wiki/Simon_%26_Garfunkel,"Forest Hills, Queens, New York City, U.S.",,POINT (-73.845018 40.721004),POINT (100.77522 18.776703),70cRZdQywnSFp9pnc2WTCE,folk
248,Patrick Sky,/wiki/Patrick_Sky,,"College Park, Georgia",POINT (100.77522 18.776703),POINT (-84.459095 33.639297),7ITHPA1zmcUkgnPKeO8mUS,folk
249,Langhorne Slim,/wiki/Langhorne_Slim,,"Langhorne, Pennsylvania",POINT (100.77522 18.776703),POINT (-74.921074 40.177614),099toTcKJoywTosZr2hHjy,folk
250,Chloe Smith,/wiki/Chloe_Smith_(musician),"New Orleans, Louisiana, USA","Atlanta, Georgia",POINT (-89.889852 30.056708),POINT (-84.414581 33.769805),7lLK9mKP9CJuRhIR5URoFg,folk
251,Elliott Smith,/wiki/Elliott_Smith,,"Omaha, Nebraska",POINT (100.77522 18.776703),POINT (-95.989632 41.261377),2ApaG60P4r0yhBoDCGD8YG,folk
252,Michael Peter Smith,/wiki/Michael_Peter_Smith,,"South Orange, New Jersey",POINT (100.77522 18.776703),POINT (-74.26126 40.74899),5aBxFPaaGk9204ssHUvXWN,folk
253,Mindy Smith,/wiki/Mindy_Smith,,"Long Island, New York",POINT (100.77522 18.776703),POINT (-73.9364 40.753453),4QGC11o7gQR7MBEJ5cUMSv,folk
254,Stephan Smith,/wiki/Stephan_Smith,"Cleveland, Ohio","Cleveland, Ohio",POINT (-81.651327 41.496551),POINT (-81.651327 41.496551),5z9hHWeWPT4olToAy5cGfw,folk
255,Solas,/wiki/Solas_(group),"Philadelphia, Pennsylvania, United States",,POINT (-75.168428 39.990821),POINT (100.77522 18.776703),5awFg11m6qCdmOsy8LxEvc,folk
256,Faith Soloway,/wiki/Faith_Soloway,,"Chicago, Illinois",POINT (100.77522 18.776703),POINT (-87.66063 41.87897),3Mu22Y9BefRhJRYhyfP463,folk
257,Leah Song,/wiki/Leah_Song,"New Orleans, Louisiana, USA","Atlanta, Georgia",POINT (-89.889852 30.056708),POINT (-84.414581 33.769805),2aYGkbB8xdACbyp7BYR8Gv,folk
258,Rosalie Sorrels,/wiki/Rosalie_Sorrels,,"Boise, Idaho",POINT (100.77522 18.776703),POINT (-115.884627 43.945777),4n3F5413y5LjhB9aWgB9Wh,folk
259,Mark Spoelstra,/wiki/Mark_Spoelstra,,"Kansas City, Missouri",POINT (100.77522 18.776703),POINT (-94.541464 39.051001),1YfYCpbdjUOzremMD0KqXi,folk
260,Bill Staines,/wiki/Bill_Staines,,"Medford, Massachusetts",POINT (100.77522 18.776703),POINT (-71.108086 42.42436),1yzH2rThCjpWpfhgiB7wAK,folk
261,James Lee Stanley,/wiki/James_Lee_Stanley,,Philadelphia,POINT (100.77522 18.776703),POINT (-75.168428 39.990821),6VBsOzX05iaVzcEeLdV1Yq,folk
262,Jody Stecher,/wiki/Jody_Stecher,,Brooklyn,POINT (100.77522 18.776703),POINT (-73.956582 40.652256),1mRgiIS98mLuRaQXADGA6D,folk
263,Sufjan Stevens,/wiki/Sufjan_Stevens,,"Detroit, Michigan",POINT (100.77522 18.776703),POINT (-83.164558 42.398648),4MXUO7sVCaFgFjoTI5ox5c,folk
264,The Story,/wiki/The_Story_(American_band),"Boston, Massachusetts, U.S.",,POINT (-71.048611 42.355492),POINT (100.77522 18.776703),6meTcQ79DrfkIuSLPZkpBg,folk
265,Sweet Honey in the Rock,/wiki/Sweet_Honey_in_the_Rock,"Washington, D.C.",,POINT (-77.01712 38.82652),POINT (100.77522 18.776703),3d4KAl1xvEw3akBK6CVCCA,folk
266,Taylor Swift,/wiki/Taylor_Swift,"Nashville, Tennessee, US","West Reading, Pennsylvania",POINT (-86.834683 36.236907),POINT (-75.947603 40.334189),06HL4z0CvFAxyc27GXpf02,folk
267,The Tarriers,/wiki/The_Tarriers,New York City,,POINT (-73.9708 40.68295),POINT (100.77522 18.776703),44ByB5FFQnNnFK3nYTZX7w,folk
268,James Taylor,/wiki/James_Taylor,,"Boston, Massachusetts",POINT (100.77522 18.776703),POINT (-71.048611 42.355492),0vn7UBvSQECKJm2817Yf1P,folk
269,Livingston Taylor,/wiki/Livingston_Taylor,"Chapel Hill, North Carolina, U.S.",Boston,POINT (-79.035496 35.930208),POINT (-71.048611 42.355492),2dMPVdTlcLlRcWtsrEXwAO,folk
270,Luke Temple,/wiki/Luke_Temple,"Boston, Massachusetts, United States",,POINT (-71.048611 42.355492),POINT (100.77522 18.776703),6MUv39LOn5bz2QW4SBKE85,folk
271,Rosie Thomas,/wiki/Rosie_Thomas_(singer-songwriter),"Livonia, Michigan, U.S.",[1],POINT (-83.373299 42.397179),POINT (87.18018 27.23006),5Tw6OSRLoU7IHTO8kHGRQr,folk
272,Artie Traum,/wiki/Artie_Traum,,"The Bronx, New York",POINT (100.77522 18.776703),POINT (-73.874979 40.853551),3CNgYS17eLx1vdJZNvlCsC,folk
273,Two Nice Girls,/wiki/Two_Nice_Girls,"Austin, Texas",,POINT (-97.836521 30.222346),POINT (100.77522 18.776703),10zCD3RJN1uaoHjGCTS15f,folk
274,Uncle Bonsai,/wiki/Uncle_Bonsai,"Seattle, Washington, U.S.",,POINT (-122.331537 47.673455),POINT (100.77522 18.776703),4CZFzWUxaBj4aDOeMW2mib,folk
275,Jay Ungar,/wiki/Jay_Ungar,,"The Bronx, New York City",POINT (100.77522 18.776703),POINT (-73.874979 40.853551),54jNT6jMGDoxMSBzUDEYSB,folk
276,Dave Van Ronk,/wiki/Dave_Van_Ronk,,Brooklyn,POINT (100.77522 18.776703),POINT (-73.956582 40.652256),6QmHysWvckkQR74oxmLmtz,folk
277,Townes Van Zandt,/wiki/Townes_Van_Zandt,,"Fort Worth, Texas",POINT (100.77522 18.776703),POINT (-97.33181 32.729442),3ZWab2LEVkNKiBPIClTwof,folk
278,Suzanne Vega,/wiki/Suzanne_Vega,"New York City, U.S.","Santa Monica, California",POINT (-73.9708 40.68295),POINT (-118.479052 34.021711),3X0tJzVYoWlfjLYI0Ridsw,folk
279,Eric Von Schmidt,/wiki/Eric_Von_Schmidt,,"Bridgeport, Connecticut",POINT (100.77522 18.776703),POINT (-73.187333 41.188221),739hmk6VVud7fbPNmYL7pa,folk
280,Loudon Wainwright III,/wiki/Loudon_Wainwright_III,"Bedford, New York, U.S.","Chapel Hill, North Carolina",POINT (-73.649174 41.240269),POINT (-79.035496 35.930208),3loACRmkzdtOMNJEaB6j8L,folk
281,Tom Waits,/wiki/Tom_Waits,,"Whittier, California",POINT (100.77522 18.776703),POINT (-118.16576 34.019023),7x83XhcMbOTl1UdYsPTuZM,folk
282,M. Ward,/wiki/M._Ward,"Glendale, California, U.S.",,POINT (-118.24774 34.176355),POINT (100.77522 18.776703),6nXSnNEdLuKTzAQozRtqiI,folk
283,Washington Squares,/wiki/Washington_Squares,"Greenwich Village, NY, U.S.",,POINT (-73.996497 40.731498),POINT (100.77522 18.776703),3ZQOs0TSimeaE1kMUZ2GCT,folk
284,Linda Waterfall,/wiki/Linda_Waterfall,"Seattle, WA","[1], Illinois",POINT (-122.331537 47.673455),POINT (120.969323 14.276238),5jCoozSbSPCRH2fQSwyRBS,folk
285,Doc Watson,/wiki/Doc_Watson,,"Deep Gap, North Carolina",POINT (100.77522 18.776703),POINT (-81.503834 36.233889),01N1aZStXA4yGvkz4vRXtJ,folk
286,Willie Watson,/wiki/Willie_Watson_(musician),,"Watkins Glen, New York",POINT (100.77522 18.776703),POINT (-76.866967 42.379004),5j9IEu1SEY0JslCPmfVsgq,folk
287,The Weavers,/wiki/The_Weavers,"Greenwich Village, New York City, United States",,POINT (-73.996497 40.731498),POINT (100.77522 18.776703),4E5eAkpbJLO40r8fWNWm6X,folk
288,The Weepies,/wiki/The_Weepies,"Cambridge, Massachusetts, U.S.",,POINT (-71.115987 42.38036),POINT (100.77522 18.776703),6pwHWKweuoCyx3OoFaD0Q5,folk
289,Gillian Welch,/wiki/Gillian_Welch,"Nashville, Tennessee",New York City,POINT (-86.834683 36.236907),POINT (-73.9708 40.68295),2H5elA2mJKrHmqkN9GSfkz,folk
290,Hedy West,/wiki/Hedy_West,"Cartersville, Georgia[1]",,POINT (-84.799481 34.160411),POINT (100.77522 18.776703),4SvvBi2pikrPFaCpESBLXw,folk
291,Floyd Red Crow Westerman,/wiki/Floyd_Red_Crow_Westerman,,"Lake Traverse Indian Reservation, South Dakota",POINT (100.77522 18.776703),POINT (-100.229958 44.470716),2ficckYpBLlSvbKH3GbUBb,folk
292,Cheryl Wheeler,/wiki/Cheryl_Wheeler,"Timonium, Maryland, United States",,POINT (-76.614069 39.444041),POINT (100.77522 18.776703),4bvWv6KDmnNNJCfElUEgsZ,folk
293,Whiskeytown,/wiki/Whiskeytown,"Raleigh, North Carolina, U.S.",,POINT (-78.64439 35.795543),POINT (100.77522 18.776703),0tyLMmQvEuyQR4qjGBdbem,folk
294,Josh White,/wiki/Josh_White,,"Greenville, South Carolina",POINT (100.77522 18.776703),POINT (-82.382065 34.846404),4KTkQA8GYHDdnF85o70VoO,folk
295,William Elliott Whitmore,/wiki/William_Elliott_Whitmore,,"Lee County, Iowa",POINT (100.77522 18.776703),POINT (-91.509096 40.664914),55N838yCXjxLVkBkIM5pnf,folk
296,David Wilcox,/wiki/David_Wilcox_(American_musician),,"Mentor, Ohio",POINT (100.77522 18.776703),POINT (-81.327089 41.688644),3BTGj5kBXwkmm8M3vMbypx,folk
297,Dar Williams,/wiki/Dar_Williams,"Mount Kisco, New York, US",,POINT (-73.730197 41.203437),POINT (100.77522 18.776703),4Aarr7f0itQ2WFmmiPcriK,folk
298,Lucinda Williams,/wiki/Lucinda_Williams,,"Lake Charles, Louisiana",POINT (100.77522 18.776703),POINT (-93.213418 30.203629),60ht0hWRy1yjUDfNsLuHuP,folk
299,Victoria Williams,/wiki/Victoria_Williams,,"Shreveport, Louisiana",POINT (100.77522 18.776703),POINT (-93.764207 32.467848),3X4XES8PyvXVguL9Q6IEVD,folk
300,Cris Williamson,/wiki/Cris_Williamson,,"Deadwood, South Dakota",POINT (100.77522 18.776703),POINT (-103.720282 44.384596),3HAd50yqk5ADswivbp5lWf,folk
301,Wishing Chair,/wiki/Wishing_Chair,"Lexington, Kentucky, United States",,POINT (-84.474459 38.056966),POINT (100.77522 18.776703),7KHj0yjNyFOiP60uTltQoQ,folk
302,Denison Witmer,/wiki/Denison_Witmer,"Lancaster, Pennsylvania, U.S.",,POINT (-76.304136 40.038119),POINT (100.77522 18.776703),2sJ5Iicthbc9d8Sl1dpeSB,folk
303,Kate Wolf,/wiki/Kate_Wolf,,"San Francisco, California",POINT (100.77522 18.776703),POINT (-122.431272 37.778008),0WisBVzWAcOpZtdUf23TiC,folk
304,Hally Wood,/wiki/Hally_Wood,,"Washington, D.C.",POINT (100.77522 18.776703),POINT (-77.01712 38.82652),4cAUFrgRIV25uKnTH8pfJu,folk
305,Martin Zellar,/wiki/Martin_Zellar,,"Austin, Minnesota",POINT (100.77522 18.776703),POINT (-92.988013 43.66604),6nWoeTrnmG1742Y5fMGwpX,folk
