name,link,origin,birth,origin_point,birth_point,spotify_id,genre
Clarence Ashley,/wiki/Clarence_Ashley,,"Bristol, Tennessee","{""coordinates"": [100.77522, 18.776703], ""type"": ""Point""}","{""coordinates"": [-82.215705, 36.565486], ""type"": ""Point""}",62OfrERsnZFWXyaruPhOh7,folk
Dock Boggs,/wiki/Dock_Boggs,,"Norton, Virginia","{""coordinates"": [100.77522, 18.776703], ""type"": ""Point""}","{""coordinates"": [-82.635784, 36.924988], ""type"": ""Point""}",2NwYS5UK1AbaTljDWp4uh0,folk
Fleming Brown,/wiki/Fleming_Brown,"Chicago, Illinois, U.S.","Marshall, Missouri","{""coordinates"": [-87.66063, 41.87897], ""type"": ""Point""}","{""coordinates"": [-93.201045, 39.117868], ""type"": ""Point""}",49UnGZjjlu82OyuVMDhM8I,folk
Dick Burnett,/wiki/Dick_Burnett_(musician),,"Monticello, Kentucky","{""coordinates"": [100.77522, 18.776703], ""type"": ""Point""}","{""coordinates"": [-84.848658, 36.839737], ""type"": ""Point""}",1z8JeSutSvLKcjM4Rkxq35,folk
Sara Carter,/wiki/Sara_Carter,,"Copper Creek, Virginia","{""coordinates"": [100.77522, 18.776703], ""type"": ""Point""}","{""coordinates"": [-78.376655, 37.73086], ""type"": ""Point""}",59Au2ho6KTcJoeAMPxlv18,folk
Stoney Cooper,/wiki/Stoney_Cooper,,"Harman, West Virginia","{""coordinates"": [100.77522, 18.776703], ""type"": ""Point""}","{""coordinates"": [-79.524552, 38.921006], ""type"": ""Point""}",151pVpaq4HKrz8omqcssMm,folk
Hazel Dickens,/wiki/Hazel_Dickens,,"Mercer County, West Virginia","{""coordinates"": [100.77522, 18.776703], ""type"": ""Point""}","{""coordinates"": [-81.106526, 37.421347], ""type"": ""Point""}",2IEiSF4inDSwzQowcQjdfT,folk
Roscoe Holcomb,/wiki/Roscoe_Holcomb,"Daisy, Kentucky, United States",,"{""coordinates"": [-83.09489, 37.11371], ""type"": ""Point""}","{""coordinates"": [100.77522, 18.776703], ""type"": ""Point""}",7JZ7Ok3UaKmZmD5otFfcY3,folk
Kossoy Sisters,/wiki/Kossoy_Sisters,"Greenwich Village, New York City",New York City,"{""coordinates"": [-73.996497, 40.731498], ""type"": ""Point""}","{""coordinates"": [-73.9708, 40.68295], ""type"": ""Point""}",1pJCiTd2Is4hUveBFVFmAe,folk
Wilma Lee,/wiki/Wilma_Lee,,"Valley Head, West Virginia","{""coordinates"": [100.77522, 18.776703], ""type"": ""Point""}","{""coordinates"": [-80.031903, 38.548346], ""type"": ""Point""}",7Fp4K5Ae9buLa4zha2rp7T,folk
Bascom Lamar Lunsford,/wiki/Bascom_Lamar_Lunsford,,"Mars Hill, North Carolina","{""coordinates"": [100.77522, 18.776703], ""type"": ""Point""}","{""coordinates"": [-82.550024, 35.82663], ""type"": ""Point""}",3cV9xElTrvkQXqCShHtpU3,folk
New Lost City Ramblers,/wiki/New_Lost_City_Ramblers,"New York City, New York, United States",,"{""coordinates"": [-73.9708, 40.68295], ""type"": ""Point""}","{""coordinates"": [100.77522, 18.776703], ""type"": ""Point""}",4fqd1tgX1D2YESwxzr2cvd,folk
Jean Ritchie,/wiki/Jean_Ritchie,,"Viper, Kentucky","{""coordinates"": [100.77522, 18.776703], ""type"": ""Point""}","{""coordinates"": [-83.14823, 37.18287], ""type"": ""Point""}",7cWhIVoEYJd0oWnxULFt8s,folk
Sam Rizzetta,/wiki/Sam_Rizzetta,,Chicago,"{""coordinates"": [100.77522, 18.776703], ""type"": ""Point""}","{""coordinates"": [-87.66063, 41.87897], ""type"": ""Point""}",4hNW8xw4NITBHiTynTUPNz,folk
Doc Watson,/wiki/Doc_Watson,,"Deep Gap, North Carolina","{""coordinates"": [100.77522, 18.776703], ""type"": ""Point""}","{""coordinates"": [-81.503834, 36.233889], ""type"": ""Point""}",01N1aZStXA4yGvkz4vRXtJ,folk
Uncle Dave Macon,/wiki/Uncle_Dave_Macon,"Nashville, Tennessee",Tennessee,"{""coordinates"": [-86.834683, 36.236907], ""type"": ""Point""}","{""coordinates"": [-86.343764, 35.820245], ""type"": ""Point""}",5Aa1aFuL2vUePqwhMFnxO0,folk
Charlie Poole,/wiki/Charlie_Poole,,"Franklinville, North Carolina","{""coordinates"": [100.77522, 18.776703], ""type"": ""Point""}","{""coordinates"": [-80.49895, 35.72125], ""type"": ""Point""}",7FS3EGuBVCs09Mfs23t2Af,folk
Rising Appalachia,/wiki/Rising_Appalachia,"Atlanta, Georgia",,"{""coordinates"": [-84.414581, 33.769805], ""type"": ""Point""}","{""coordinates"": [100.77522, 18.776703], ""type"": ""Point""}",3I6e2ZqqoxQhXc9z7Tp5ci,folk
Fernest Arceneaux,/wiki/Fernest_Arceneaux,,Lafayette,"{""coordinates"": [100.77522, 18.776703], ""type"": ""Point""}","{""coordinates"": [-92.031897, 30.211987], ""type"": ""Point""}",7HBcntk6WvaqjA4kLrqA9m,folk
Amédé Ardoin,/wiki/Am%C3%A9d%C3%A9_Ardoin,,"Basile, Evangeline Parish, Louisiana","{""coordinates"": [100.77522, 18.776703], ""type"": ""Point""}","{""coordinates"": [-92.601015, 30.485722], ""type"": ""Point""}",5Qg9EHJc1i9xp7WXArccSz,folk
Chris Ardoin,/wiki/Chris_Ardoin,,"Lake Charles, Louisiana","{""coordinates"": [100.77522, 18.776703], ""type"": ""Point""}","{""coordinates"": [-93.213418, 30.203629], ""type"": ""Point""}",3AU7f1EqS89mHHMDHbTQFf,folk
Dewey Balfa,/wiki/Dewey_Balfa,,Louisiana,"{""coordinates"": [100.77522, 18.776703], ""type"": ""Point""}","{""coordinates"": [-92.51441, 30.542601], ""type"": ""Point""}",4HNzfw32MdPySNZHapfWgK,folk
BeauSoleil,/wiki/BeauSoleil,"Lafayette, Louisiana, U.S.",,"{""coordinates"": [-92.031897, 30.211987], ""type"": ""Point""}","{""coordinates"": [100.77522, 18.776703], ""type"": ""Point""}",2NBfhrFJmF7o35vK2pndvo,folk
Bobby Charles,/wiki/Bobby_Charles,,"Abbeville, Louisiana","{""coordinates"": [100.77522, 18.776703], ""type"": ""Point""}","{""coordinates"": [-92.127504, 29.972503], ""type"": ""Point""}",1B8vzl6kObOf1cxN4myLS1,folk
Boozoo Chavis,/wiki/Boozoo_Chavis,,"Lake Charles, Louisiana","{""coordinates"": [100.77522, 18.776703], ""type"": ""Point""}","{""coordinates"": [-93.213418, 30.203629], ""type"": ""Point""}",0gU00e6HDaZ3hxlR3pZrU0,folk
C. J. Chenier,/wiki/C._J._Chenier,,"Port Arthur, Texas","{""coordinates"": [100.77522, 18.776703], ""type"": ""Point""}","{""coordinates"": [-93.89954, 29.682232], ""type"": ""Point""}",2dNbwxgYSvdnMGWsYHJ38j,folk
Clifton Chenier,/wiki/Clifton_Chenier,,Opelousas,"{""coordinates"": [100.77522, 18.776703], ""type"": ""Point""}","{""coordinates"": [-92.085363, 30.525943], ""type"": ""Point""}",3LzQVHowQWbzJBwBBNRPfY,folk
Geno Delafose,/wiki/Geno_Delafose,,"Eunice, Louisiana","{""coordinates"": [100.77522, 18.776703], ""type"": ""Point""}","{""coordinates"": [-92.421221, 30.491681], ""type"": ""Point""}",7zKDS8dI38NouMTa55W2xr,folk
John Delafose,/wiki/John_Delafose,,Evangeline Parish,"{""coordinates"": [100.77522, 18.776703], ""type"": ""Point""}","{""coordinates"": [-92.401489, 30.727562], ""type"": ""Point""}",4FUWfaBOkbbPUUivMD7M3w,folk
Queen Ida,/wiki/Queen_Ida,,"Lake Charles, Louisiana","{""coordinates"": [100.77522, 18.776703], ""type"": ""Point""}","{""coordinates"": [-93.213418, 30.203629], ""type"": ""Point""}",4ownYCUB1wbXdo3eTnakwq,folk
Beau Jocque,/wiki/Beau_Jocque,,"Evangeline Parish, Louisiana","{""coordinates"": [100.77522, 18.776703], ""type"": ""Point""}","{""coordinates"": [-92.401489, 30.727562], ""type"": ""Point""}",7lXjOGZAeqkWTGYKkmVtGW,folk
Rosie Ledet,/wiki/Rosie_Ledet,,"Church Point, Louisiana","{""coordinates"": [100.77522, 18.776703], ""type"": ""Point""}","{""coordinates"": [-92.214207, 30.404692], ""type"": ""Point""}",08Utsn05gzPaciVeIBnkeP,folk
D. L. Menard,/wiki/D._L._Menard,,"Erath, Louisiana","{""coordinates"": [100.77522, 18.776703], ""type"": ""Point""}","{""coordinates"": [-92.034489, 29.956739], ""type"": ""Point""}",1gEdV73o3X847usz85JTGl,folk
Jimmy C. Newman,/wiki/Jimmy_C._Newman,,"Mamou, Louisiana","{""coordinates"": [100.77522, 18.776703], ""type"": ""Point""}","{""coordinates"": [-92.419117, 30.634911], ""type"": ""Point""}",4I2LAvm6wV4SY7sp3qpdDH,folk
Steve Riley and the Mamou Playboys,/wiki/Steve_Riley_and_the_Mamou_Playboys,"Louisiana, United States",,"{""coordinates"": [-92.51441, 30.542601], ""type"": ""Point""}","{""coordinates"": [100.77522, 18.776703], ""type"": ""Point""}",7F8pZngjUPLEQOgYztIhB9,folk
Rockin' Dopsie,/wiki/Rockin%27_Dopsie,,"Carencro, Louisiana","{""coordinates"": [100.77522, 18.776703], ""type"": ""Point""}","{""coordinates"": [-92.039864, 30.312748], ""type"": ""Point""}",72iADHTfbYiwjTmW4AcuL4,folk
Rockin' Sidney,/wiki/Rockin%27_Sidney,,"Lebeau, Louisiana","{""coordinates"": [100.77522, 18.776703], ""type"": ""Point""}","{""coordinates"": [-91.97706, 30.73131], ""type"": ""Point""}",328azApStz6rBvBKZsUwvi,folk
Amanda Shaw,/wiki/Amanda_Shaw,,Boston,"{""coordinates"": [100.77522, 18.776703], ""type"": ""Point""}","{""coordinates"": [-71.048611, 42.355492], ""type"": ""Point""}",5ly5bZR1G4PijTkirVOyFZ,folk
Terrance Simien,/wiki/Terrance_Simien,,"Mallet, Louisiana","{""coordinates"": [100.77522, 18.776703], ""type"": ""Point""}","{""coordinates"": [-92.51441, 30.542601], ""type"": ""Point""}",2pBpjXBKJtxmlzjk5OjaRi,folk
Jo-El Sonnier,/wiki/Jo-El_Sonnier,,"Rayne, Louisiana","{""coordinates"": [100.77522, 18.776703], ""type"": ""Point""}","{""coordinates"": [-92.267615, 30.23948], ""type"": ""Point""}",6TdaDpGBUyjeHtwQfMNoOF,folk
Nathan Williams,/wiki/Nathan_Williams_(Zydeco),,St. Martinville,"{""coordinates"": [100.77522, 18.776703], ""type"": ""Point""}","{""coordinates"": [-91.827771, 30.126533], ""type"": ""Point""}",2OHypU9FnBtbHK18a9OFa3,folk
Buckwheat Zydeco,/wiki/Buckwheat_Zydeco,,"Lafayette, Louisiana","{""coordinates"": [100.77522, 18.776703], ""type"": ""Point""}","{""coordinates"": [-92.031897, 30.211987], ""type"": ""Point""}",31ioFU3ADV6npBP7ykNvtF,folk
The Accidentals,/wiki/The_Accidentals,"Traverse City, Michigan, United States",,"{""coordinates"": [-85.590344, 44.755631], ""type"": ""Point""}","{""coordinates"": [100.77522, 18.776703], ""type"": ""Point""}",5JqJWTzD2wSWAp7UmFSP5x,folk
Kasey Chambers,/wiki/Kasey_Chambers,"Adelaide, South Australia, Australia","Mount Gambier, South Australia","{""coordinates"": [138.602578, -34.929075], ""type"": ""Point""}","{""coordinates"": [140.775335, -37.826477], ""type"": ""Point""}",6uATIQFyydDXPc2RlLzcUE,folk
Derroll Adams,/wiki/Derroll_Adams,,"Portland, Oregon","{""coordinates"": [100.77522, 18.776703], ""type"": ""Point""}","{""coordinates"": [-122.650095, 45.533467], ""type"": ""Point""}",0dcbZPNrE1zejMbLyUKxqd,folk
A Fragile Tomorrow,/wiki/A_Fragile_Tomorrow,"Montgomery, New York, United States",,"{""coordinates"": [-74.231774, 41.560212], ""type"": ""Point""}","{""coordinates"": [100.77522, 18.776703], ""type"": ""Point""}",36j3p0TaCqKs24aXWiFY1X,folk
The Almanac Singers,/wiki/The_Almanac_Singers,New York City,,"{""coordinates"": [-73.9708, 40.68295], ""type"": ""Point""}","{""coordinates"": [100.77522, 18.776703], ""type"": ""Point""}",6FJhtg2UjgNZk9e8tf6Zew,folk
Eric Andersen,/wiki/Eric_Andersen,,Pittsburgh,"{""coordinates"": [100.77522, 18.776703], ""type"": ""Point""}","{""coordinates"": [-79.936309, 40.450508], ""type"": ""Point""}",6t2MHOFOYTYNUXi9CNjP5A,folk
Jamie Anderson,/wiki/Jamie_Anderson_(musician),,"Tucson, Arizona","{""coordinates"": [100.77522, 18.776703], ""type"": ""Point""}","{""coordinates"": [-110.828987, 32.19709], ""type"": ""Point""}",3QeUcfxQWae16K2zOaagyG,folk
Devendra Banhart,/wiki/Devendra_Banhart,,Houston,"{""coordinates"": [100.77522, 18.776703], ""type"": ""Point""}","{""coordinates"": [-95.361416, 29.784753], ""type"": ""Point""}",1YZEoYFXx4AxVv13OiOPvZ,folk
Dan Bern,/wiki/Dan_Bern,,"Mount Vernon, Iowa","{""coordinates"": [100.77522, 18.776703], ""type"": ""Point""}","{""coordinates"": [-91.424348, 41.922991], ""type"": ""Point""}",73CZu9benZbhuQwq2NDuWL,folk
Leon Bibb,/wiki/Leon_Bibb_(musician),,"Louisville, Kentucky","{""coordinates"": [100.77522, 18.776703], ""type"": ""Point""}","{""coordinates"": [-85.776881, 38.141177], ""type"": ""Point""}",6h6rvsubMjxNgb5fvOo1mP,folk
Theodore Bikel,/wiki/Theodore_Bikel,,"Vienna, Austria","{""coordinates"": [100.77522, 18.776703], ""type"": ""Point""}","{""coordinates"": [16.348388, 48.198674], ""type"": ""Point""}",67p0NB8haJlULQy2gr4iKZ,folk
Billy Pilgrim,/wiki/Billy_Pilgrim_(group),United States,,"{""coordinates"": [-96.999246, 39.71614], ""type"": ""Point""}","{""coordinates"": [100.77522, 18.776703], ""type"": ""Point""}",4rMdzVjq1qqizATeZrjn6l,folk
David Blue,/wiki/David_Blue_(musician),,Providence,"{""coordinates"": [100.77522, 18.776703], ""type"": ""Point""}","{""coordinates"": [-71.419697, 41.826948], ""type"": ""Point""}",3gDmirZwdIYHGozUPScwgK,folk
Hugh Blumenfeld,/wiki/Hugh_Blumenfeld,,"Jamaica, Queens","{""coordinates"": [100.77522, 18.776703], ""type"": ""Point""}","{""coordinates"": [-73.795405, 40.70009], ""type"": ""Point""}",4ZNUlHvnHjxbxpzOkmkSwR,folk
Dock Boggs,/wiki/Dock_Boggs,,"Norton, Virginia","{""coordinates"": [100.77522, 18.776703], ""type"": ""Point""}","{""coordinates"": [-82.635784, 36.924988], ""type"": ""Point""}",2NwYS5UK1AbaTljDWp4uh0,folk
Gordon Bok,/wiki/Gordon_Bok,,Camden,"{""coordinates"": [100.77522, 18.776703], ""type"": ""Point""}","{""coordinates"": [-0.163523, 51.543487], ""type"": ""Point""}",3ADqA3QBx9iTf6nfre13tr,folk
Ralston Bowles,/wiki/Ralston_Bowles,,"Gary, Indiana","{""coordinates"": [100.77522, 18.776703], ""type"": ""Point""}","{""coordinates"": [-87.346784, 41.589885], ""type"": ""Point""}",3JFJI7eRCGer7MGFJKOyot,folk
Oscar Brand,/wiki/Oscar_Brand,,"Winnipeg, Manitoba","{""coordinates"": [100.77522, 18.776703], ""type"": ""Point""}","{""coordinates"": [-97.138026, 49.874557], ""type"": ""Point""}",4moVbJTrAlRWytpFB8GjTz,folk
Brewer & Shipley,/wiki/Brewer_%26_Shipley,United States,,"{""coordinates"": [-96.999246, 39.71614], ""type"": ""Point""}","{""coordinates"": [100.77522, 18.776703], ""type"": ""Point""}",4bx9rfUR9C0H26TEiVCwdi,folk
Chuck Brodsky,/wiki/Chuck_Brodsky,,Philadelphia,"{""coordinates"": [100.77522, 18.776703], ""type"": ""Point""}","{""coordinates"": [-75.168428, 39.990821], ""type"": ""Point""}",2I1XI3eYHcCcfVM4rXCrvK,folk
David Bromberg,/wiki/David_Bromberg,,"Philadelphia, Pennsylvania","{""coordinates"": [100.77522, 18.776703], ""type"": ""Point""}","{""coordinates"": [-75.168428, 39.990821], ""type"": ""Point""}",0SOCskFcUcLj7Ful8w8KrL,folk
Jonatha Brooke,/wiki/Jonatha_Brooke,,Illinois,"{""coordinates"": [100.77522, 18.776703], ""type"": ""Point""}","{""coordinates"": [-89.191575, 40.265028], ""type"": ""Point""}",3djsIvG79aMILDWDNiyChc,folk
The Brothers Four,/wiki/The_Brothers_Four,"Seattle, Washington, U.S.",,"{""coordinates"": [-122.331537, 47.673455], ""type"": ""Point""}","{""coordinates"": [100.77522, 18.776703], ""type"": ""Point""}",0nd3tsqHVtnAWBCQgwtbIz,folk
Greg Brown,/wiki/Greg_Brown_(folk_musician),,"Fairfield, Iowa","{""coordinates"": [100.77522, 18.776703], ""type"": ""Point""}","{""coordinates"": [-91.963301, 41.006904], ""type"": ""Point""}",0nnDCl6emTFoWtygqSs4Jy,folk
Tim Buckley,/wiki/Tim_Buckley,,"Washington, D.C.","{""coordinates"": [100.77522, 18.776703], ""type"": ""Point""}","{""coordinates"": [-77.01712, 38.82652], ""type"": ""Point""}",6zHRqvws8dVeqL8D31ponr,folk
David Buskin,/wiki/David_Buskin,,"New York City, New York","{""coordinates"": [100.77522, 18.776703], ""type"": ""Point""}","{""coordinates"": [-73.9708, 40.68295], ""type"": ""Point""}",5MIUrmZEljn4H07pYXtXSN,folk
Andrew Calhoun,/wiki/Andrew_Calhoun,,"New Haven, Connecticut","{""coordinates"": [100.77522, 18.776703], ""type"": ""Point""}","{""coordinates"": [-72.925298, 41.308659], ""type"": ""Point""}",3w6ZSnKTU0HUe00F6yKyWG,folk
Hamilton Camp,/wiki/Hamilton_Camp,,"[1], London","{""coordinates"": [100.77522, 18.776703], ""type"": ""Point""}","{""coordinates"": [120.944016, 14.35107], ""type"": ""Point""}",5ND1l6L0UQD7KoAnMupeYY,folk
Mary Chapin Carpenter,/wiki/Mary_Chapin_Carpenter,,"Princeton, New Jersey","{""coordinates"": [100.77522, 18.776703], ""type"": ""Point""}","{""coordinates"": [-74.672885, 40.354435], ""type"": ""Point""}",0qAmeOULjwn04k6jMMeDyr,folk
Liz Carroll,/wiki/Liz_Carroll,,"Chicago, Illinois","{""coordinates"": [100.77522, 18.776703], ""type"": ""Point""}","{""coordinates"": [-87.66063, 41.87897], ""type"": ""Point""}",69WY727rgGm0EpEd7NSUHM,folk
Dave Carter,/wiki/Dave_Carter,,"Oxnard, California","{""coordinates"": [100.77522, 18.776703], ""type"": ""Point""}","{""coordinates"": [-119.180285, 34.195054], ""type"": ""Point""}",3DQlT4YRvt7NCncG9Pk3bE,folk
Chad Mitchell Trio,/wiki/Chad_Mitchell_Trio,"Spokane, Washington, United States",,"{""coordinates"": [-117.4058, 47.660011], ""type"": ""Point""}","{""coordinates"": [100.77522, 18.776703], ""type"": ""Point""}",5WpHJJKKIF62r8hJfWUwID,folk
Len Chandler,/wiki/Len_Chandler,,"Akron, Ohio","{""coordinates"": [100.77522, 18.776703], ""type"": ""Point""}","{""coordinates"": [-81.538266, 41.078013], ""type"": ""Point""}",641w67BH81V0VVhxM1Tkya,folk
Tracy Chapman,/wiki/Tracy_Chapman,,"Cleveland, Ohio","{""coordinates"": [100.77522, 18.776703], ""type"": ""Point""}","{""coordinates"": [-81.651327, 41.496551], ""type"": ""Point""}",7oPgCQqMMXEXrNau5vxYZP,folk
Cherish the Ladies,/wiki/Cherish_the_Ladies,New York City,,"{""coordinates"": [-73.9708, 40.68295], ""type"": ""Point""}","{""coordinates"": [100.77522, 18.776703], ""type"": ""Point""}",2IMfWWTIcBjATtXsM4GHej,folk
Vic Chesnutt,/wiki/Vic_Chesnutt,"Athens, Georgia, U.S.","Jacksonville, Florida","{""coordinates"": [-83.358855, 33.95759], ""type"": ""Point""}","{""coordinates"": [-81.660992, 30.369914], ""type"": ""Point""}",7EFfGZiKL1Ud3cspnlMq4H,folk
Meg Christian,/wiki/Meg_Christian,,"Lynchburg, Virginia","{""coordinates"": [100.77522, 18.776703], ""type"": ""Point""}","{""coordinates"": [-79.14225, 37.41375], ""type"": ""Point""}",2rf5kr52MmpgrluGfCSAsS,folk
The Civil Wars,/wiki/The_Civil_Wars,"Nashville, Tennessee, U.S.",,"{""coordinates"": [-86.834683, 36.236907], ""type"": ""Point""}","{""coordinates"": [100.77522, 18.776703], ""type"": ""Point""}",6J7rw7NELJUCThPbAfyLIE,folk
Paul Clayton,/wiki/Paul_Clayton_(folksinger),,"New Bedford, Massachusetts","{""coordinates"": [100.77522, 18.776703], ""type"": ""Point""}","{""coordinates"": [-70.9457, 41.667736], ""type"": ""Point""}",0OP3vGdafC4R9cXSoyRm9B,folk
Shana Cleveland,/wiki/Shana_Cleveland,,"Kalamazoo, Michigan","{""coordinates"": [100.77522, 18.776703], ""type"": ""Point""}","{""coordinates"": [-85.587168, 42.274924], ""type"": ""Point""}",5E6dR5oDjhT39zr1YuXRq0,folk
Judy Collins,/wiki/Judy_Collins,"Denver, Colorado, U.S.","Seattle, Washington","{""coordinates"": [-104.985798, 39.740959], ""type"": ""Point""}","{""coordinates"": [-122.331537, 47.673455], ""type"": ""Point""}",5yzE49FicYiSxN61oaxkNn,folk
Shawn Colvin,/wiki/Shawn_Colvin,"Carbondale, Illinois, U.S.","Vermillion, South Dakota","{""coordinates"": [-89.222269, 37.721252], ""type"": ""Point""}","{""coordinates"": [-96.924403, 42.783249], ""type"": ""Point""}",0K7VN4aHxHcEb7PqkfoIVA,folk
Annette Conlon,/wiki/Annette_Conlon,"Colorado Springs, Colorado, U.S.",Ohio,"{""coordinates"": [-104.813228, 38.875356], ""type"": ""Point""}","{""coordinates"": [-82.883453, 40.262259], ""type"": ""Point""}",31ROIrco1CXetL8ZbkYatx,folk
Matt Costa,/wiki/Matt_Costa,,"Huntington Beach, California","{""coordinates"": [100.77522, 18.776703], ""type"": ""Point""}","{""coordinates"": [-117.999037, 33.678349], ""type"": ""Point""}",0EghvcisxKybq4CVO7rB5t,folk
Elizabeth Cotten,/wiki/Elizabeth_Cotten,,"Carrboro, North Carolina","{""coordinates"": [100.77522, 18.776703], ""type"": ""Point""}","{""coordinates"": [-79.087302, 35.921241], ""type"": ""Point""}",1eTZGzLkukATM7FoGltyFs,folk
Jim Croce,/wiki/Jim_Croce,,Philadelphia,"{""coordinates"": [100.77522, 18.776703], ""type"": ""Point""}","{""coordinates"": [-75.168428, 39.990821], ""type"": ""Point""}",1R6Hx1tJ2VOUyodEpC12xM,folk
Sis Cunningham,/wiki/Sis_Cunningham,"Watonga, Oklahoma, U.S.",,"{""coordinates"": [-98.416206, 35.849614], ""type"": ""Point""}","{""coordinates"": [100.77522, 18.776703], ""type"": ""Point""}",65Q1w5t5usDLaJN4o3NxPU,folk
Catie Curtis,/wiki/Catie_Curtis,"Boston, Massachusetts, U.S.",,"{""coordinates"": [-71.048611, 42.355492], ""type"": ""Point""}","{""coordinates"": [100.77522, 18.776703], ""type"": ""Point""}",4WB32sqN839h5BEYYXTeNE,folk
Barbara Dane,/wiki/Barbara_Dane,,Detroit,"{""coordinates"": [100.77522, 18.776703], ""type"": ""Point""}","{""coordinates"": [-83.164558, 42.398648], ""type"": ""Point""}",7htyUKqAPLpbTA9nkEhGRf,folk
Erik Darling,/wiki/Erik_Darling,,"Baltimore, Maryland","{""coordinates"": [100.77522, 18.776703], ""type"": ""Point""}","{""coordinates"": [-76.649533, 39.319732], ""type"": ""Point""}",10d2A1Q9bdMCwYnh1yp4rI,folk
Grey DeLisle,/wiki/Grey_DeLisle,,"Fort Ord, California","{""coordinates"": [100.77522, 18.776703], ""type"": ""Point""}","{""coordinates"": [-118.893161, 34.214603], ""type"": ""Point""}",2crxUkgEZN8zedQMY49EOt,folk
Kris Delmhorst,/wiki/Kris_Delmhorst,United States,Brooklyn,"{""coordinates"": [-96.999246, 39.71614], ""type"": ""Point""}","{""coordinates"": [-73.956582, 40.652256], ""type"": ""Point""}",05dHTLCAf68OSX0me9Tmfx,folk
Iris DeMent,/wiki/Iris_DeMent,,"Paragould, Arkansas","{""coordinates"": [100.77522, 18.776703], ""type"": ""Point""}","{""coordinates"": [-90.520097, 36.052242], ""type"": ""Point""}",3NPZs8XgXtaWslUcnIw6rY,folk
John Denver,/wiki/John_Denver,,"Roswell, New Mexico","{""coordinates"": [100.77522, 18.776703], ""type"": ""Point""}","{""coordinates"": [-104.530202, 33.398291], ""type"": ""Point""}",7EK1bQADBoqbYXnT4Cqv9w,folk
Ani DiFranco,/wiki/Ani_DiFranco,,"Buffalo, New York","{""coordinates"": [100.77522, 18.776703], ""type"": ""Point""}","{""coordinates"": [-78.852918, 42.890831], ""type"": ""Point""}",0AiTwNtYX8m4uhfU7rJ8RD,folk
Alice Di Micele,/wiki/Alice_Di_Micele,,"Elizabeth, New Jersey","{""coordinates"": [100.77522, 18.776703], ""type"": ""Point""}","{""coordinates"": [-74.186213, 40.666597], ""type"": ""Point""}",5GTLKa7etYFhkKklJyoSgX,folk
disappear fear,/wiki/Disappear_fear,"Baltimore, Maryland, United States",,"{""coordinates"": [-76.649533, 39.319732], ""type"": ""Point""}","{""coordinates"": [100.77522, 18.776703], ""type"": ""Point""}",3w9VdyLCuydUbddlqD0IWj,folk
Alix Dobkin,/wiki/Alix_Dobkin,,"New York, New York","{""coordinates"": [100.77522, 18.776703], ""type"": ""Point""}","{""coordinates"": [-73.9708, 40.68295], ""type"": ""Point""}",52HZJF62jc0beCkLpAbo93,folk
DW (Dave) Drouillard,/wiki/DW_(Dave)_Drouillard,,"Buffalo, New York","{""coordinates"": [100.77522, 18.776703], ""type"": ""Point""}","{""coordinates"": [-78.852918, 42.890831], ""type"": ""Point""}",4bsWHdJkFtq1r3TcXtKGdv,folk
Antje Duvekot,/wiki/Antje_Duvekot,"Philadelphia, Pennsylvania, United States","Heidelberg, West Germany","{""coordinates"": [-75.168428, 39.990821], ""type"": ""Point""}","{""coordinates"": [9.687096, 50.970097], ""type"": ""Point""}",31XQG7XFy8NkgA1ZLPZM3S,folk
Bob Dylan,/wiki/Bob_Dylan,,"Duluth, Minnesota","{""coordinates"": [100.77522, 18.776703], ""type"": ""Point""}","{""coordinates"": [-92.124905, 46.798069], ""type"": ""Point""}",74ASZWbe4lXaubB36ztrGX,folk
Eddie from Ohio,/wiki/Eddie_from_Ohio,"Virginia, United States",,"{""coordinates"": [-78.376655, 37.73086], ""type"": ""Point""}","{""coordinates"": [100.77522, 18.776703], ""type"": ""Point""}",2DVqRDtPOOCl9gbzlhJkZg,folk
Cass Elliot,/wiki/Cass_Elliot,,Baltimore,"{""coordinates"": [100.77522, 18.776703], ""type"": ""Point""}","{""coordinates"": [-76.649533, 39.319732], ""type"": ""Point""}",5jX7X3kRkfJTRqAdT7RcHk,folk
Ramblin' Jack Elliott,/wiki/Ramblin%27_Jack_Elliott,"Brooklyn, New York, United States",,"{""coordinates"": [-73.956582, 40.652256], ""type"": ""Point""}","{""coordinates"": [100.77522, 18.776703], ""type"": ""Point""}",6iuM8yp1x2N0l6SONhyq4b,folk
Mark Erelli,/wiki/Mark_Erelli,,"Boston, Massachusetts","{""coordinates"": [100.77522, 18.776703], ""type"": ""Point""}","{""coordinates"": [-71.048611, 42.355492], ""type"": ""Point""}",7s3wus2jgjwHQXjFXAQfB2,folk
John Fahey,/wiki/John_Fahey_(musician),,"Washington, D.C.","{""coordinates"": [100.77522, 18.776703], ""type"": ""Point""}","{""coordinates"": [-77.01712, 38.82652], ""type"": ""Point""}",4js8BDiQwnHLlDmT1shPH7,folk
Mimi Fariña,/wiki/Mimi_Fari%C3%B1a,,Palo Alto,"{""coordinates"": [100.77522, 18.776703], ""type"": ""Point""}","{""coordinates"": [-122.127302, 37.431169], ""type"": ""Point""}",3CCf0ToNoY3qXMCnVJrSop,folk
Richard Fariña,/wiki/Richard_Fari%C3%B1a,,New York City,"{""coordinates"": [100.77522, 18.776703], ""type"": ""Point""}","{""coordinates"": [-73.9708, 40.68295], ""type"": ""Point""}",2mQkR9H7yBeT3tJ9vaGPjp,folk
Anne Feeney,/wiki/Anne_Feeney,,"Charleroi, Pennsylvania","{""coordinates"": [100.77522, 18.776703], ""type"": ""Point""}","{""coordinates"": [-79.900053, 40.138192], ""type"": ""Point""}",2py8XT26ENqhTZFgDB32oy,folk
Melissa Ferrick,/wiki/Melissa_Ferrick,"Ipswich, Massachusetts, United States",,"{""coordinates"": [-70.83094, 42.707694], ""type"": ""Point""}","{""coordinates"": [100.77522, 18.776703], ""type"": ""Point""}",6t9IqIePOaGmN4dsL5qQgS,folk
Steve Forbert,/wiki/Steve_Forbert,,"Meridian, Mississippi","{""coordinates"": [100.77522, 18.776703], ""type"": ""Point""}","{""coordinates"": [-88.704986, 32.384975], ""type"": ""Point""}",3oAbjWINfcTSAuVUlXXMty,folk
Mark Fosson,/wiki/Mark_Fosson,Eastern Kentucky,,"{""coordinates"": [-82.80599, 37.51704], ""type"": ""Point""}","{""coordinates"": [100.77522, 18.776703], ""type"": ""Point""}",1EbntFgtNs5xb6RCa7czk6,folk
Jeffrey Foucault,/wiki/Jeffrey_Foucault,"Whitewater, Wisconsin, United States",,"{""coordinates"": [-88.73712, 42.835754], ""type"": ""Point""}","{""coordinates"": [100.77522, 18.776703], ""type"": ""Point""}",7i36YYqKiSqVihxTcvLSBK,folk
Bob Franke,/wiki/Bob_Franke,,"Hamtramck, Michigan","{""coordinates"": [100.77522, 18.776703], ""type"": ""Point""}","{""coordinates"": [-83.053264, 42.394731], ""type"": ""Point""}",549lq7KH0kmFc6aGPDh4Ft,folk
Donavon Frankenreiter,/wiki/Donavon_Frankenreiter,"Downey, California, United States",,"{""coordinates"": [-118.13387, 33.93656], ""type"": ""Point""}","{""coordinates"": [100.77522, 18.776703], ""type"": ""Point""}",2IAZ2xX1Ovh5jxhBWE7wda,folk
Debbie Friedman,/wiki/Debbie_Friedman,,"Utica, New York","{""coordinates"": [100.77522, 18.776703], ""type"": ""Point""}","{""coordinates"": [-75.213888, 43.098752], ""type"": ""Point""}",4q1wUtYNvarbN3rHViYKlm,folk
Gaia Consort,/wiki/Gaia_Consort,Seattle,,"{""coordinates"": [-122.331537, 47.673455], ""type"": ""Point""}","{""coordinates"": [100.77522, 18.776703], ""type"": ""Point""}",1AJXK4InICD9BG5gM3mMcS,folk
Garfunkel and Oates,/wiki/Garfunkel_and_Oates,"Los Angeles, California, U.S.",,"{""coordinates"": [-118.25703, 34.05513], ""type"": ""Point""}","{""coordinates"": [100.77522, 18.776703], ""type"": ""Point""}",2wZcAibn3pVsNvp95HQx8n,folk
Mary Gauthier,/wiki/Mary_Gauthier,,New Orleans,"{""coordinates"": [100.77522, 18.776703], ""type"": ""Point""}","{""coordinates"": [-89.889852, 30.056708], ""type"": ""Point""}",4SK1IgkcWWc5HC1TOBq1VS,folk
Bob Gibson,/wiki/Bob_Gibson_(musician),,Brooklyn,"{""coordinates"": [100.77522, 18.776703], ""type"": ""Point""}","{""coordinates"": [-73.956582, 40.652256], ""type"": ""Point""}",5WLoAqg0ZvFZhRImCFIuBE,folk
Ronnie Gilbert,/wiki/Ronnie_Gilbert,,"Brooklyn, New York, New York","{""coordinates"": [100.77522, 18.776703], ""type"": ""Point""}","{""coordinates"": [-73.956582, 40.652256], ""type"": ""Point""}",3eygVwHBnCJUSs5yZ6hhdN,folk
Eliza Gilkyson,/wiki/Eliza_Gilkyson,,"Hollywood, Los Angeles, California","{""coordinates"": [100.77522, 18.776703], ""type"": ""Point""}","{""coordinates"": [-118.326908, 34.10021], ""type"": ""Point""}",1x2vfyp8dGA84qgwb3D9QG,folk
Terry Gilkyson,/wiki/Terry_Gilkyson,,"Phoenixville, Pennsylvania","{""coordinates"": [100.77522, 18.776703], ""type"": ""Point""}","{""coordinates"": [-75.522459, 40.134163], ""type"": ""Point""}",6QvKZKLAUDRBn0fOtS3Gaf,folk
Steve Goodman,/wiki/Steve_Goodman,,"Chicago, Illinois","{""coordinates"": [100.77522, 18.776703], ""type"": ""Point""}","{""coordinates"": [-87.66063, 41.87897], ""type"": ""Point""}",0n5eyZr2XjOLUODPGZrlLB,folk
John Gorka,/wiki/John_Gorka,,"Colonia, New Jersey","{""coordinates"": [100.77522, 18.776703], ""type"": ""Point""}","{""coordinates"": [-74.314682, 40.592647], ""type"": ""Point""}",2MWKhzU2iggdtLs4xLTqrP,folk
Tracy Grammer,/wiki/Tracy_Grammer,,"Homestead, Florida, U.S.","{""coordinates"": [100.77522, 18.776703], ""type"": ""Point""}","{""coordinates"": [-80.443032, 25.460881], ""type"": ""Point""}",3VN5sD7hLy1j1RAzgHpGED,folk
Greenbriar Boys,/wiki/Greenbriar_Boys,"New York City, New York, U.S.",,"{""coordinates"": [-73.9708, 40.68295], ""type"": ""Point""}","{""coordinates"": [100.77522, 18.776703], ""type"": ""Point""}",7xhEuOtvDtyDjvRPztjyKX,folk
Patty Griffin,/wiki/Patty_Griffin,"Old Town, Maine, U.S.",,"{""coordinates"": [-68.741329, 44.949705], ""type"": ""Point""}","{""coordinates"": [100.77522, 18.776703], ""type"": ""Point""}",7tNLRmiAN8hpmFrbIHiHsy,folk
Nanci Griffith,/wiki/Nanci_Griffith,,"Seguin, Texas","{""coordinates"": [100.77522, 18.776703], ""type"": ""Point""}","{""coordinates"": [-97.967398, 29.582392], ""type"": ""Point""}",5CAiy5rDr3LaSoGtJOq6A0,folk
Arlo Guthrie,/wiki/Arlo_Guthrie,,Brooklyn,"{""coordinates"": [100.77522, 18.776703], ""type"": ""Point""}","{""coordinates"": [-73.956582, 40.652256], ""type"": ""Point""}",0B6QEFtRnneEzb4iqjI0Nw,folk
Sarah Lee Guthrie,/wiki/Sarah_Lee_Guthrie,"California, United States",,"{""coordinates"": [-119.586168, 36.531544], ""type"": ""Point""}","{""coordinates"": [100.77522, 18.776703], ""type"": ""Point""}",0vDFYlSoT0ODd039aKnX96,folk
Woody Guthrie,/wiki/Woody_Guthrie,,"Okemah, Oklahoma","{""coordinates"": [100.77522, 18.776703], ""type"": ""Point""}","{""coordinates"": [-96.309514, 35.435175], ""type"": ""Point""}",4rAgFKtlTr66ic18YZZyF1,folk
Kristen Hall,/wiki/Kristen_Hall,"Atlanta, Georgia, U.S.",,"{""coordinates"": [-84.414581, 33.769805], ""type"": ""Point""}","{""coordinates"": [100.77522, 18.776703], ""type"": ""Point""}",0527Sy7Q2pROOs0fFWCN3M,folk
Frank Hamilton,/wiki/Frank_Hamilton_(musician),United States,,"{""coordinates"": [-96.999246, 39.71614], ""type"": ""Point""}","{""coordinates"": [100.77522, 18.776703], ""type"": ""Point""}",4h1KKGcIKkVPfuH6K7nVYa,folk
Kristy Hanson,/wiki/Kristy_Hanson,"Shaker Heights, Cleveland, United States",,"{""coordinates"": [-81.651327, 41.496551], ""type"": ""Point""}","{""coordinates"": [100.77522, 18.776703], ""type"": ""Point""}",5Y2qcuBccI5UhQhxtif7vQ,folk
Jack Hardy,/wiki/Jack_Hardy_(singer-songwriter),"Greenwich Village, New York City, U.S.",,"{""coordinates"": [-73.996497, 40.731498], ""type"": ""Point""}","{""coordinates"": [100.77522, 18.776703], ""type"": ""Point""}",2NeVp4TDUH0e3LXYmAXo81,folk
Kelly Harrell,/wiki/Kelly_Harrell,"Virginia, United States",,"{""coordinates"": [-78.376655, 37.73086], ""type"": ""Point""}","{""coordinates"": [100.77522, 18.776703], ""type"": ""Point""}",2ojv6CmzZUTS641pPo27Fd,folk
Bess Lomax Hawes,/wiki/Bess_Lomax_Hawes,,"Austin, Texas","{""coordinates"": [100.77522, 18.776703], ""type"": ""Point""}","{""coordinates"": [-97.836521, 30.222346], ""type"": ""Point""}",6LoF0oYc5FQIeA0Nc9LGwc,folk
Lee Hays,/wiki/Lee_Hays,,"Little Rock, Arkansas","{""coordinates"": [100.77522, 18.776703], ""type"": ""Point""}","{""coordinates"": [-92.355844, 34.713561], ""type"": ""Point""}",19ZejdTub8LEUGFX1kC60v,folk
John Herald,/wiki/John_Herald,,"New York City, New York","{""coordinates"": [100.77522, 18.776703], ""type"": ""Point""}","{""coordinates"": [-73.9708, 40.68295], ""type"": ""Point""}",3bGVjMzmXhJmFIcdkYcd7d,folk
Priscilla Herdman,/wiki/Priscilla_Herdman,,"Eastchester, New York","{""coordinates"": [100.77522, 18.776703], ""type"": ""Point""}","{""coordinates"": [-73.805738, 40.969253], ""type"": ""Point""}",6xv67uJihcE7lpvMVlG19a,folk
Carolyn Hester,/wiki/Carolyn_Hester,"Waco, Texas, United States",,"{""coordinates"": [-97.196228, 31.561038], ""type"": ""Point""}","{""coordinates"": [100.77522, 18.776703], ""type"": ""Point""}",5Yy26jXSEFqj1art47bJyc,folk
Sara Hickman,/wiki/Sara_Hickman,,"Jacksonville, North Carolina","{""coordinates"": [100.77522, 18.776703], ""type"": ""Point""}","{""coordinates"": [-77.419369, 34.738215], ""type"": ""Point""}",2ycLfo67vYC5YJsx3e7e0c,folk
Anne Hills,/wiki/Anne_Hills,,Moradabad,"{""coordinates"": [100.77522, 18.776703], ""type"": ""Point""}","{""coordinates"": [78.762873, 28.835952], ""type"": ""Point""}",1l0ZBi4Ua63psmX8grSrND,folk
David Holt,/wiki/David_Holt_(musician),,"Gatesville, Texas","{""coordinates"": [100.77522, 18.776703], ""type"": ""Point""}","{""coordinates"": [-97.721347, 31.429695], ""type"": ""Point""}",2e1nAd2hOpaHOTTgQ3SepK,folk
Holy Modal Rounders,/wiki/Holy_Modal_Rounders,"Lower East Side, New York, NY, USA",,"{""coordinates"": [-73.987323, 40.717428], ""type"": ""Point""}","{""coordinates"": [100.77522, 18.776703], ""type"": ""Point""}",5ZjKW4JhcFuOXLpuJrr8wJ,folk
Rita Hosking,/wiki/Rita_Hosking,,"Davis, California","{""coordinates"": [100.77522, 18.776703], ""type"": ""Point""}","{""coordinates"": [-121.725799, 38.550067], ""type"": ""Point""}",0mTFlPTXxh8UAV04MwW7al,folk
Cisco Houston,/wiki/Cisco_Houston,,"Wilmington, Delaware","{""coordinates"": [100.77522, 18.776703], ""type"": ""Point""}","{""coordinates"": [-75.512825, 39.72266], ""type"": ""Point""}",1N5hj4BNumkXa8D3fyfMYE,folk
Michael Hurley,/wiki/Michael_Hurley_(musician),,"Bucks County, Pennsylvania","{""coordinates"": [100.77522, 18.776703], ""type"": ""Point""}","{""coordinates"": [-75.196406, 40.408713], ""type"": ""Point""}",3XHvzfKFZkSXEUiZE4WrIz,folk
Janis Ian,/wiki/Janis_Ian,,"Farmingdale, New Jersey","{""coordinates"": [100.77522, 18.776703], ""type"": ""Point""}","{""coordinates"": [-74.170675, 40.19918], ""type"": ""Point""}",5c9uFWpZY2MTlk7Rft0tgp,folk
Indigo Girls,/wiki/Indigo_Girls,"Atlanta, Georgia, United States",,"{""coordinates"": [-84.414581, 33.769805], ""type"": ""Point""}","{""coordinates"": [100.77522, 18.776703], ""type"": ""Point""}",4wM29TDTr3HI0qFY3KoSFG,folk
Iron & Wine,/wiki/Iron_%26_Wine,,"Chapin, South Carolina","{""coordinates"": [100.77522, 18.776703], ""type"": ""Point""}","{""coordinates"": [-81.349678, 34.165697], ""type"": ""Point""}",6mdiAmATAx73kdxrNrnlao,folk
Bon Iver,/wiki/Bon_Iver,"Eau Claire, Wisconsin, U.S.",,"{""coordinates"": [-91.502276, 44.818433], ""type"": ""Point""}","{""coordinates"": [100.77522, 18.776703], ""type"": ""Point""}",4LEiUm1SRbFMgfqnQTwUbQ,folk
Burl Ives,/wiki/Burl_Ives,,"Hunt City, Illinois","{""coordinates"": [100.77522, 18.776703], ""type"": ""Point""}","{""coordinates"": [-88.01989, 39.054293], ""type"": ""Point""}",0MHgLfmQdutffmvWe5XBTN,folk
Ella Jenkins,/wiki/Ella_Jenkins,"Chicago, Illinois, U.S.","St. Louis, Missouri","{""coordinates"": [-87.66063, 41.87897], ""type"": ""Point""}","{""coordinates"": [-90.244086, 38.633024], ""type"": ""Point""}",2AdaJlzNcOpdrvMSBN92Wp,folk
Jewel Kilcher,/wiki/Jewel_Kilcher,"Homer, Alaska, U.S.","Payson, Utah","{""coordinates"": [-151.502169, 59.644845], ""type"": ""Point""}","{""coordinates"": [-111.732356, 40.038758], ""type"": ""Point""}",05cqfWVtssCo3KVcqEAYG3,folk
Mason Jennings[1],/wiki/Mason_Jennings,"Minneapolis, Minnesota, U.S.","Honolulu, Hawaii","{""coordinates"": [-93.266563, 44.96313], ""type"": ""Point""}","{""coordinates"": [-157.789396, 21.40572], ""type"": ""Point""}",6CQrZZn0g2ZNfIcXbi4pdo,folk
Orville Johnson,/wiki/Orville_Johnson,,Edwardsville,"{""coordinates"": [100.77522, 18.776703], ""type"": ""Point""}","{""coordinates"": [-89.983617, 38.788989], ""type"": ""Point""}",1SdW8XTCAkjTC5qt3G4EW1,folk
Freedy Johnston,/wiki/Freedy_Johnston,"Kinsley, Kansas",,"{""coordinates"": [-99.411208, 37.921949], ""type"": ""Point""}","{""coordinates"": [100.77522, 18.776703], ""type"": ""Point""}",5aeoG3xBrai5JsTqVmmgj0,folk
Dick Justice,/wiki/Dick_Justice_(singer),,"East Lynn, West Virginia, [1]","{""coordinates"": [100.77522, 18.776703], ""type"": ""Point""}","{""coordinates"": [30.01053, -30.00956], ""type"": ""Point""}",4NsftmqvmNQqMhfD5WJN7n,folk
Noah Kahan,/wiki/Noah_Kahan,,"Strafford, Vermont","{""coordinates"": [100.77522, 18.776703], ""type"": ""Point""}","{""coordinates"": [-72.366819, 43.869165], ""type"": ""Point""}",2RQXRUsr4IW1f3mKyKsy4B,folk
Lucy Kaplansky,/wiki/Lucy_Kaplansky,"Chicago, Illinois, U.S.",,"{""coordinates"": [-87.66063, 41.87897], ""type"": ""Point""}","{""coordinates"": [100.77522, 18.776703], ""type"": ""Point""}",1TrFdcZHtuaF2r7vgFyfiz,folk
Buell Kazee,/wiki/Buell_Kazee,"Magoffin County, Kentucky, USA",,"{""coordinates"": [-83.067918, 37.740737], ""type"": ""Point""}","{""coordinates"": [100.77522, 18.776703], ""type"": ""Point""}",6tcyQ0ycaAsYbjhoDOt1jd,folk
The Kennedys,/wiki/The_Kennedys_(band),"New York, US",,"{""coordinates"": [-73.9708, 40.68295], ""type"": ""Point""}","{""coordinates"": [100.77522, 18.776703], ""type"": ""Point""}",38KVwdXUvepibtHMYKF6Bm,folk
Charlie King,/wiki/Charlie_King_(folksinger),,"Brockton, Massachusetts","{""coordinates"": [100.77522, 18.776703], ""type"": ""Point""}","{""coordinates"": [-71.025192, 42.084936], ""type"": ""Point""}",1Zu42Zg5rpybf2wn5G8Jn9,folk
The Kingston Trio,/wiki/The_Kingston_Trio,"Palo Alto, California",,"{""coordinates"": [-122.127302, 37.431169], ""type"": ""Point""}","{""coordinates"": [100.77522, 18.776703], ""type"": ""Point""}",3qtcbDvdIgQOXkPbtRvBaQ,folk
Bonnie Koloc,/wiki/Bonnie_Koloc,"Chicago, Illinois",,"{""coordinates"": [-87.66063, 41.87897], ""type"": ""Point""}","{""coordinates"": [100.77522, 18.776703], ""type"": ""Point""}",4IaGDEEdbfXdudtworAdym,folk
Leo Kottke,/wiki/Leo_Kottke,,"Athens, Georgia","{""coordinates"": [100.77522, 18.776703], ""type"": ""Point""}","{""coordinates"": [-83.358855, 33.95759], ""type"": ""Point""}",6cjuHeJM6CHRUhIhApwFwx,folk
Peter La Farge,/wiki/Peter_La_Farge,United States,,"{""coordinates"": [-96.999246, 39.71614], ""type"": ""Point""}","{""coordinates"": [100.77522, 18.776703], ""type"": ""Point""}",043WRXguGXwwwPHGnNz20i,folk
Jimmy LaFave,/wiki/Jimmy_LaFave,,"Wills Point, Texas","{""coordinates"": [100.77522, 18.776703], ""type"": ""Point""}","{""coordinates"": [-96.007825, 32.709672], ""type"": ""Point""}",3PCC1w6AJvKLFpZbDJrsGe,folk
Bruce Langhorne,/wiki/Bruce_Langhorne,,"Tallahassee, Florida","{""coordinates"": [100.77522, 18.776703], ""type"": ""Point""}","{""coordinates"": [-84.262894, 30.449457], ""type"": ""Point""}",3qznYzY3OEo9gewAVrGFHr,folk
Patty Larkin,/wiki/Patty_Larkin,,"Des Moines, Iowa","{""coordinates"": [100.77522, 18.776703], ""type"": ""Point""}","{""coordinates"": [-93.61043, 41.574349], ""type"": ""Point""}",5Wbs3NarmOuhdA754hveyb,folk
Lavender Diamond,/wiki/Lavender_Diamond,"Los Angeles, California, USA",,"{""coordinates"": [-118.25703, 34.05513], ""type"": ""Point""}","{""coordinates"": [100.77522, 18.776703], ""type"": ""Point""}",2Z1N9zMrbKe6emt3mhc6Kw,folk
Lead Belly,/wiki/Lead_Belly,,"[1], Mooringsport, Louisiana","{""coordinates"": [100.77522, 18.776703], ""type"": ""Point""}","{""coordinates"": [87.18018, 27.23006], ""type"": ""Point""}",3Ovf2lytXSXWFM2cwsJACC,folk
Katie Lee,/wiki/Katie_Lee_(singer),,"Aledo, Illinois","{""coordinates"": [100.77522, 18.776703], ""type"": ""Point""}","{""coordinates"": [-90.749195, 41.199297], ""type"": ""Point""}",7mKkP1VviPDyZv98EOFT67,folk
Julius Lester,/wiki/Julius_Lester,,"St. Louis, Missouri","{""coordinates"": [100.77522, 18.776703], ""type"": ""Point""}","{""coordinates"": [-90.244086, 38.633024], ""type"": ""Point""}",5aTwY2xyrJy4cS1jlFg1oG,folk
Lily and Maria,/wiki/Lily_and_Maria,"New York City, United States",,"{""coordinates"": [-73.9708, 40.68295], ""type"": ""Point""}","{""coordinates"": [100.77522, 18.776703], ""type"": ""Point""}",1Iigbsm3q7W1uYsngWLxWJ,folk
The Limeliters,/wiki/The_Limeliters,"Los Angeles, CaliforniaUnited States[1]",,"{""coordinates"": [-118.25703, 34.05513], ""type"": ""Point""}","{""coordinates"": [100.77522, 18.776703], ""type"": ""Point""}",08Zx5pufnilNAjm28CauiH,folk
Alan Lomax,/wiki/Alan_Lomax,,Austin,"{""coordinates"": [100.77522, 18.776703], ""type"": ""Point""}","{""coordinates"": [-97.836521, 30.222346], ""type"": ""Point""}",1u8YzEYh6gvvFog95WtAao,folk
Laura Love,/wiki/Laura_Love_(musician),,"Lincoln, Nebraska","{""coordinates"": [100.77522, 18.776703], ""type"": ""Point""}","{""coordinates"": [-96.669266, 40.817753], ""type"": ""Point""}",1fcl0zZe6uWTKJt57TZOaH,folk
Woody Mann,/wiki/Woody_Mann,,New York City,"{""coordinates"": [100.77522, 18.776703], ""type"": ""Point""}","{""coordinates"": [-73.9708, 40.68295], ""type"": ""Point""}",3lEqWbIKIfQy7Wl36z04Cd,folk
Roger Manning,/wiki/Roger_Manning,New York City,[1],"{""coordinates"": [-73.9708, 40.68295], ""type"": ""Point""}","{""coordinates"": [87.18018, 27.23006], ""type"": ""Point""}",7bi8x4Ms2FZ74J6c1qaYLw,folk
Ed McCurdy,/wiki/Ed_McCurdy,,"Willow Hill, Pennsylvania","{""coordinates"": [100.77522, 18.776703], ""type"": ""Point""}","{""coordinates"": [-77.838617, 40.860198], ""type"": ""Point""}",4YnvE72EzUsNg2fGvRPX80,folk
John McCutcheon,/wiki/John_McCutcheon,,"Wausau, Wisconsin","{""coordinates"": [100.77522, 18.776703], ""type"": ""Point""}","{""coordinates"": [-89.636599, 44.963489], ""type"": ""Point""}",0TzlaraGqiaAfTjqTh96dc,folk
Brownie McGhee,/wiki/Brownie_McGhee,,"Knoxville, Tennessee","{""coordinates"": [100.77522, 18.776703], ""type"": ""Point""}","{""coordinates"": [-83.969472, 35.973011], ""type"": ""Point""}",3qXzj7WzBV3kwy1yEV1RcC,folk
Lori McKenna,/wiki/Lori_McKenna,,"[1], Stoughton, Massachusetts","{""coordinates"": [100.77522, 18.776703], ""type"": ""Point""}","{""coordinates"": [87.18018, 27.23006], ""type"": ""Point""}",1OV5mEATxtVma7fleFaUyl,folk
Will McLean,/wiki/Will_McLean,,Chipley,"{""coordinates"": [100.77522, 18.776703], ""type"": ""Point""}","{""coordinates"": [-97.03582, 28.78666], ""type"": ""Point""}",5kCu7POOERJVJuIiaExiLu,folk
Melanie,/wiki/Melanie_(singer),,"Queens, New York City","{""coordinates"": [100.77522, 18.776703], ""type"": ""Point""}","{""coordinates"": [-73.805154, 40.718804], ""type"": ""Point""}",63yrD80RY3RNEM2YDpUpO8,folk
Ingrid Michaelson,/wiki/Ingrid_Michaelson,,[2],"{""coordinates"": [100.77522, 18.776703], ""type"": ""Point""}","{""coordinates"": [85.61, 26.94242], ""type"": ""Point""}",2vm8GdHyrJh2O2MfbQFYG0,folk
Roger Miller,/wiki/Roger_Miller,,"Fort Worth, Texas","{""coordinates"": [100.77522, 18.776703], ""type"": ""Point""}","{""coordinates"": [-97.33181, 32.729442], ""type"": ""Point""}",1RP2UpEaRzkF0Id3JigqD8,folk
Anaïs Mitchell,/wiki/Ana%C3%AFs_Mitchell,"Montpelier, Vermont, U.S.",,"{""coordinates"": [-72.57541, 44.263716], ""type"": ""Point""}","{""coordinates"": [100.77522, 18.776703], ""type"": ""Point""}",7K5Lm5dxoEwEpOS0Fc3l3s,folk
Modern Folk Quartet,/wiki/Modern_Folk_Quartet,"Honolulu, Hawaii, U.S.",,"{""coordinates"": [-157.789396, 21.40572], ""type"": ""Point""}","{""coordinates"": [100.77522, 18.776703], ""type"": ""Point""}",59X1CgTPQ9X7ul7hqJa33t,folk
Alastair Moock,/wiki/Alastair_Moock,"Boston, Massachusetts, United States",,"{""coordinates"": [-71.048611, 42.355492], ""type"": ""Point""}","{""coordinates"": [100.77522, 18.776703], ""type"": ""Point""}",5NwLASbIjDj6FUgaEa1NMz,folk
Bill Morrissey,/wiki/Bill_Morrissey,,"Hartford, Connecticut","{""coordinates"": [100.77522, 18.776703], ""type"": ""Point""}","{""coordinates"": [-72.690228, 41.765566], ""type"": ""Point""}",0Uz5dRNDckEVy2sLjqBJBq,folk
Jason Mraz,/wiki/Jason_Mraz,,"Mechanicsville, Virginia","{""coordinates"": [100.77522, 18.776703], ""type"": ""Point""}","{""coordinates"": [-77.365716, 37.629118], ""type"": ""Point""}",4phGZZrJZRo4ElhRtViYdl,folk
Moxy Früvous,/wiki/Moxy_Fr%C3%BCvous,"Thornhill, Ontario, Canada",,"{""coordinates"": [-79.429779, 43.820285], ""type"": ""Point""}","{""coordinates"": [100.77522, 18.776703], ""type"": ""Point""}",0BNlQMIqqy5qIxSL9aph4u,folk
Geoff Muldaur,/wiki/Geoff_Muldaur,,"Pelham, New York","{""coordinates"": [100.77522, 18.776703], ""type"": ""Point""}","{""coordinates"": [-73.807569, 40.911196], ""type"": ""Point""}",4sMx1e0u3YtLawVuN3RsFD,folk
Holly Near,/wiki/Holly_Near,,"Ukiah, California","{""coordinates"": [100.77522, 18.776703], ""type"": ""Point""}","{""coordinates"": [-123.20744, 39.147123], ""type"": ""Point""}",55coNbEHd5rBUgUIXyUVNW,folk
Fred Neil,/wiki/Fred_Neil,,Cleveland,"{""coordinates"": [100.77522, 18.776703], ""type"": ""Point""}","{""coordinates"": [-81.651327, 41.496551], ""type"": ""Point""}",3xmUdkZUQbtMM62XP4nnb6,folk
The New Christy Minstrels,/wiki/The_New_Christy_Minstrels,United States,,"{""coordinates"": [-96.999246, 39.71614], ""type"": ""Point""}","{""coordinates"": [100.77522, 18.776703], ""type"": ""Point""}",77OdfWXrYy6DcYPzmUOr6a,folk
Carrie Newcomer,/wiki/Carrie_Newcomer,,Dowagiac,"{""coordinates"": [100.77522, 18.776703], ""type"": ""Point""}","{""coordinates"": [-86.111209, 41.984194], ""type"": ""Point""}",5RsLS2CnzkMCGfl3FobdUR,folk
Joanna Newsom,/wiki/Joanna_Newsom,,"Grass Valley, California","{""coordinates"": [100.77522, 18.776703], ""type"": ""Point""}","{""coordinates"": [-121.055374, 39.227706], ""type"": ""Point""}",4gn6f5jaOO75s0oF7ozqGG,folk
Nickel Creek,/wiki/Nickel_Creek,"Carlsbad, California, U.S.",,"{""coordinates"": [-117.288417, 33.121741], ""type"": ""Point""}","{""coordinates"": [100.77522, 18.776703], ""type"": ""Point""}",3bcLBxvaI7GsBzGp3WHnwQ,folk
Willie Nile,/wiki/Willie_Nile,"Buffalo, New York","Buffalo, New York","{""coordinates"": [-78.852918, 42.890831], ""type"": ""Point""}","{""coordinates"": [-78.852918, 42.890831], ""type"": ""Point""}",42chtGdwnAdG2TECndse7J,folk
Conor Oberst,/wiki/Conor_Oberst,,"Omaha, Nebraska","{""coordinates"": [100.77522, 18.776703], ""type"": ""Point""}","{""coordinates"": [-95.989632, 41.261377], ""type"": ""Point""}",2Z7gV3uEh1ckIaBzTUCE6R,folk
Phil Ochs,/wiki/Phil_Ochs,"New York City, U.S.","El Paso, Texas","{""coordinates"": [-73.9708, 40.68295], ""type"": ""Point""}","{""coordinates"": [-106.488793, 31.818409], ""type"": ""Point""}",3JhQGw54MOytJP3GZ8KNPo,folk
Mark O'Connor,/wiki/Mark_O%27Connor,,"[1], Mountlake Terrace, Washington","{""coordinates"": [100.77522, 18.776703], ""type"": ""Point""}","{""coordinates"": [-112.447086, 42.918947], ""type"": ""Point""}",5zfaMrd5q4szVTxVYWuoDV,folk
Odetta,/wiki/Odetta,,"Birmingham, Alabama","{""coordinates"": [100.77522, 18.776703], ""type"": ""Point""}","{""coordinates"": [-86.800929, 33.530651], ""type"": ""Point""}",2wkz8hACugzAvF0voupg3H,folk
Jerry O'Sullivan,/wiki/Jerry_O%27Sullivan_(musician),,"New York City, New York","{""coordinates"": [100.77522, 18.776703], ""type"": ""Point""}","{""coordinates"": [-73.9708, 40.68295], ""type"": ""Point""}",6BDcotssTh0uk4AbcuEugb,folk
Jim Page,/wiki/Jim_Page_(singer),,"Palo Alto, California","{""coordinates"": [100.77522, 18.776703], ""type"": ""Point""}","{""coordinates"": [-122.127302, 37.431169], ""type"": ""Point""}",3OfefzRdoMKkvIs7uVPuyH,folk
Patrick Park,/wiki/Patrick_Park,"Morrison, Colorado, U.S.",[1],"{""coordinates"": [-105.206821, 39.624605], ""type"": ""Point""}","{""coordinates"": [87.18018, 27.23006], ""type"": ""Point""}",4I1ZPDoEcZOul26MTXDhNO,folk
Tom Paxton,/wiki/Tom_Paxton,,"Chicago, Illinois","{""coordinates"": [100.77522, 18.776703], ""type"": ""Point""}","{""coordinates"": [-87.66063, 41.87897], ""type"": ""Point""}",55kipiKplrHBCZN6L1gtrv,folk
Ellis Paul,/wiki/Ellis_Paul,"Boston, Massachusetts, U.S.","Fort Kent, Maine","{""coordinates"": [-71.048611, 42.355492], ""type"": ""Point""}","{""coordinates"": [-68.580421, 47.259417], ""type"": ""Point""}",6zbmVVtvsmXRGWGgfjlE35,folk
Alice Peacock,/wiki/Alice_Peacock,"White Bear Lake, Minnesota, U.S.",,"{""coordinates"": [-93.014531, 45.054887], ""type"": ""Point""}","{""coordinates"": [100.77522, 18.776703], ""type"": ""Point""}",58UCFxYeO9fczztva9OyEY,folk
"Peter, Paul & Mary","/wiki/Peter,_Paul_%26_Mary","New York City, U.S.",,"{""coordinates"": [-73.9708, 40.68295], ""type"": ""Point""}","{""coordinates"": [100.77522, 18.776703], ""type"": ""Point""}",6yrBBtqX2gKCHCrZOYBDrB,folk
Gretchen Peters,/wiki/Gretchen_Peters,,"Bronxville, New York","{""coordinates"": [100.77522, 18.776703], ""type"": ""Point""}","{""coordinates"": [-73.826451, 40.939469], ""type"": ""Point""}",1DSLJBOwoz0HhiFMIKhZxe,folk
Utah Phillips,/wiki/Utah_Phillips,,Cleveland,"{""coordinates"": [100.77522, 18.776703], ""type"": ""Point""}","{""coordinates"": [-81.651327, 41.496551], ""type"": ""Point""}",5RLF6ZZByoDWUVg6kjBk0z,folk
Phranc,/wiki/Phranc,,"Santa Monica, California","{""coordinates"": [100.77522, 18.776703], ""type"": ""Point""}","{""coordinates"": [-118.479052, 34.021711], ""type"": ""Point""}",4C9tHOnOA0dM82s17rmKjF,folk
John Prine,/wiki/John_Prine,,"Maywood, Illinois","{""coordinates"": [100.77522, 18.776703], ""type"": ""Point""}","{""coordinates"": [-87.843891, 41.879553], ""type"": ""Point""}",0nJUwPwC9Ti4vvuJ0q3MfT,folk
Chris Pureka,/wiki/Chris_Pureka,,"[1], Connecticut","{""coordinates"": [100.77522, 18.776703], ""type"": ""Point""}","{""coordinates"": [-117.794705, 33.710663], ""type"": ""Point""}",0TcLzrilnmNFyaTgLULSg3,folk
Joshua Radin,/wiki/Joshua_Radin,"Cleveland, Ohio, U.S.",,"{""coordinates"": [-81.651327, 41.496551], ""type"": ""Point""}","{""coordinates"": [100.77522, 18.776703], ""type"": ""Point""}",7omzannyG2lfDqP5xyZo34,folk
Ratsy,/wiki/Ratsy,,Jackson,"{""coordinates"": [100.77522, 18.776703], ""type"": ""Point""}","{""coordinates"": [-90.229913, 32.30835], ""type"": ""Point""}",5OlARALdX4igefmFOROcjB,folk
Toshi Reagon,/wiki/Toshi_Reagon,"Washington, D.C.","Atlanta, Georgia","{""coordinates"": [-77.01712, 38.82652], ""type"": ""Point""}","{""coordinates"": [-84.414581, 33.769805], ""type"": ""Point""}",1WUAzIurvlhaWxB7fpcuOM,folk
Rebecca Riots,/wiki/Rebecca_Riots_(band),"Berkeley, California, US",,"{""coordinates"": [-122.297864, 37.865832], ""type"": ""Point""}","{""coordinates"": [100.77522, 18.776703], ""type"": ""Point""}",3rm5p2jVWAzX5ZbGocbTNB,folk
Red Molly,/wiki/Red_Molly,New York,,"{""coordinates"": [-73.9708, 40.68295], ""type"": ""Point""}","{""coordinates"": [100.77522, 18.776703], ""type"": ""Point""}",2fV3UnBvyFUPV6JQJJZOv2,folk
Malvina Reynolds,/wiki/Malvina_Reynolds,,"San Francisco, California","{""coordinates"": [100.77522, 18.776703], ""type"": ""Point""}","{""coordinates"": [-122.431272, 37.778008], ""type"": ""Point""}",5fhMeS3lpUqUpTNuAxU2rN,folk
Jean Ritchie,/wiki/Jean_Ritchie,,"Viper, Kentucky","{""coordinates"": [100.77522, 18.776703], ""type"": ""Point""}","{""coordinates"": [-83.14823, 37.18287], ""type"": ""Point""}",7cWhIVoEYJd0oWnxULFt8s,folk
Josh Ritter,/wiki/Josh_Ritter,,"Moscow, Idaho","{""coordinates"": [100.77522, 18.776703], ""type"": ""Point""}","{""coordinates"": [-116.993113, 46.732566], ""type"": ""Point""}",6igfLpd8s6DBBAuwebRUuo,folk
The Roches,/wiki/The_Roches,"Park Ridge, New Jersey, U.S.",,"{""coordinates"": [-74.042763, 41.036337], ""type"": ""Point""}","{""coordinates"": [100.77522, 18.776703], ""type"": ""Point""}",2BbwJ8VxAFpJiFr7EHvcCW,folk
Libby Roderick,/wiki/Libby_Roderick,"Anchorage, Territory of Alaska, US",,"{""coordinates"": [-149.358257, 61.195429], ""type"": ""Point""}","{""coordinates"": [100.77522, 18.776703], ""type"": ""Point""}",1IVub12Ffx56KIVhTIGOGU,folk
The Rooftop Singers,/wiki/The_Rooftop_Singers,United States,,"{""coordinates"": [-96.999246, 39.71614], ""type"": ""Point""}","{""coordinates"": [100.77522, 18.776703], ""type"": ""Point""}",6Gb08eT3LlkGynDscl9vbz,folk
Jack Rose,/wiki/Jack_Rose_(guitarist),,"Fredericksburg, Virginia","{""coordinates"": [100.77522, 18.776703], ""type"": ""Point""}","{""coordinates"": [-77.482857, 38.296804], ""type"": ""Point""}",0K6DXvfMXmF7L4h0P7Ivva,folk
Josh Rouse,/wiki/Josh_Rouse,"Tennessee, United States","Oshkosh, Nebraska","{""coordinates"": [-86.343764, 35.820245], ""type"": ""Point""}","{""coordinates"": [-102.52657, 41.308812], ""type"": ""Point""}",38euc5ce2q2MMzaoJcPstz,folk
Tom Rush,/wiki/Tom_Rush,,"Portsmouth, New Hampshire","{""coordinates"": [100.77522, 18.776703], ""type"": ""Point""}","{""coordinates"": [-70.783285, 43.058708], ""type"": ""Point""}",6vI5AwXkw8IFD7zsw6NkTp,folk
The Sandpipers,/wiki/The_Sandpipers,"California, U.S.",,"{""coordinates"": [-119.586168, 36.531544], ""type"": ""Point""}","{""coordinates"": [100.77522, 18.776703], ""type"": ""Point""}",3iBuBivHItWMpdiVmLT0uB,folk
Claudia Schmidt,/wiki/Claudia_Schmidt_(musician),,"New Baltimore, Michigan","{""coordinates"": [100.77522, 18.776703], ""type"": ""Point""}","{""coordinates"": [-82.737854, 42.685583], ""type"": ""Point""}",2Xwy23kFCVIEorTNk7vmhB,folk
Eric Schwartz,/wiki/Eric_Schwartz_(songwriter),"Newton, Massachusetts, U.S.",,"{""coordinates"": [-71.204562, 42.335091], ""type"": ""Point""}","{""coordinates"": [100.77522, 18.776703], ""type"": ""Point""}",2wmjSzz9TcqPgSNMGAVksR,folk
Mike Seeger,/wiki/Mike_Seeger,"New York City, New York, U.S.",New York City,"{""coordinates"": [-73.9708, 40.68295], ""type"": ""Point""}","{""coordinates"": [-73.9708, 40.68295], ""type"": ""Point""}",7kJfeECt6CmcCBM8uX1td8,folk
Peggy Seeger,/wiki/Peggy_Seeger,,New York City,"{""coordinates"": [100.77522, 18.776703], ""type"": ""Point""}","{""coordinates"": [-73.9708, 40.68295], ""type"": ""Point""}",0gXQn7UrpopDb2TIkmIjoU,folk
Martin Sexton,/wiki/Martin_Sexton,,"Syracuse, New York","{""coordinates"": [100.77522, 18.776703], ""type"": ""Point""}","{""coordinates"": [-76.148211, 43.043536], ""type"": ""Point""}",16HLVuiCN8iGYhBca7lsqE,folk
The Shells,/wiki/The_Shells_(band),"Brooklyn, New York, United States",,"{""coordinates"": [-73.956582, 40.652256], ""type"": ""Point""}","{""coordinates"": [100.77522, 18.776703], ""type"": ""Point""}",7ywuUxIhs0wsrflxhUhvNb,folk
Richard Shindell,/wiki/Richard_Shindell,,"Lakehurst, New Jersey","{""coordinates"": [100.77522, 18.776703], ""type"": ""Point""}","{""coordinates"": [-74.321473, 40.013336], ""type"": ""Point""}",0ONG1ffKzhVIm4arvvLPHl,folk
Michelle Shocked,/wiki/Michelle_Shocked,"Dallas, Texas[2]",[1],"{""coordinates"": [-99.076239, 19.505506], ""type"": ""Point""}","{""coordinates"": [87.18018, 27.23006], ""type"": ""Point""}",7vma2XD1xEuvoLbR43MZ9p,folk
Paul Siebel,/wiki/Paul_Siebel,,Buffalo,"{""coordinates"": [100.77522, 18.776703], ""type"": ""Point""}","{""coordinates"": [-78.852918, 42.890831], ""type"": ""Point""}",5EB5q368CZpEhSbLIVIAXh,folk
Judee Sill,/wiki/Judee_Sill,,"Los Angeles, California","{""coordinates"": [100.77522, 18.776703], ""type"": ""Point""}","{""coordinates"": [-118.25703, 34.05513], ""type"": ""Point""}",2IkwqvwEnXFlZEq6eFP1wL,folk
Simon & Garfunkel,/wiki/Simon_%26_Garfunkel,"Forest Hills, Queens, New York City, U.S.",,"{""coordinates"": [-73.845018, 40.721004], ""type"": ""Point""}","{""coordinates"": [100.77522, 18.776703], ""type"": ""Point""}",70cRZdQywnSFp9pnc2WTCE,folk
Patrick Sky,/wiki/Patrick_Sky,,"College Park, Georgia","{""coordinates"": [100.77522, 18.776703], ""type"": ""Point""}","{""coordinates"": [-84.459095, 33.639297], ""type"": ""Point""}",7ITHPA1zmcUkgnPKeO8mUS,folk
Langhorne Slim,/wiki/Langhorne_Slim,,"Langhorne, Pennsylvania","{""coordinates"": [100.77522, 18.776703], ""type"": ""Point""}","{""coordinates"": [-74.921074, 40.177614], ""type"": ""Point""}",099toTcKJoywTosZr2hHjy,folk
Chloe Smith,/wiki/Chloe_Smith_(musician),"New Orleans, Louisiana, USA","Atlanta, Georgia","{""coordinates"": [-89.889852, 30.056708], ""type"": ""Point""}","{""coordinates"": [-84.414581, 33.769805], ""type"": ""Point""}",7lLK9mKP9CJuRhIR5URoFg,folk
Elliott Smith,/wiki/Elliott_Smith,,"Omaha, Nebraska","{""coordinates"": [100.77522, 18.776703], ""type"": ""Point""}","{""coordinates"": [-95.989632, 41.261377], ""type"": ""Point""}",2ApaG60P4r0yhBoDCGD8YG,folk
Michael Peter Smith,/wiki/Michael_Peter_Smith,,"South Orange, New Jersey","{""coordinates"": [100.77522, 18.776703], ""type"": ""Point""}","{""coordinates"": [-74.26126, 40.74899], ""type"": ""Point""}",5aBxFPaaGk9204ssHUvXWN,folk
Mindy Smith,/wiki/Mindy_Smith,,"Long Island, New York","{""coordinates"": [100.77522, 18.776703], ""type"": ""Point""}","{""coordinates"": [-73.9364, 40.753453], ""type"": ""Point""}",4QGC11o7gQR7MBEJ5cUMSv,folk
Stephan Smith,/wiki/Stephan_Smith,"Cleveland, Ohio","Cleveland, Ohio","{""coordinates"": [-81.651327, 41.496551], ""type"": ""Point""}","{""coordinates"": [-81.651327, 41.496551], ""type"": ""Point""}",5z9hHWeWPT4olToAy5cGfw,folk
Solas,/wiki/Solas_(group),"Philadelphia, Pennsylvania, United States",,"{""coordinates"": [-75.168428, 39.990821], ""type"": ""Point""}","{""coordinates"": [100.77522, 18.776703], ""type"": ""Point""}",5awFg11m6qCdmOsy8LxEvc,folk
Faith Soloway,/wiki/Faith_Soloway,,"Chicago, Illinois","{""coordinates"": [100.77522, 18.776703], ""type"": ""Point""}","{""coordinates"": [-87.66063, 41.87897], ""type"": ""Point""}",3Mu22Y9BefRhJRYhyfP463,folk
Leah Song,/wiki/Leah_Song,"New Orleans, Louisiana, USA","Atlanta, Georgia","{""coordinates"": [-89.889852, 30.056708], ""type"": ""Point""}","{""coordinates"": [-84.414581, 33.769805], ""type"": ""Point""}",2aYGkbB8xdACbyp7BYR8Gv,folk
Rosalie Sorrels,/wiki/Rosalie_Sorrels,,"Boise, Idaho","{""coordinates"": [100.77522, 18.776703], ""type"": ""Point""}","{""coordinates"": [-115.884627, 43.945777], ""type"": ""Point""}",4n3F5413y5LjhB9aWgB9Wh,folk
Mark Spoelstra,/wiki/Mark_Spoelstra,,"Kansas City, Missouri","{""coordinates"": [100.77522, 18.776703], ""type"": ""Point""}","{""coordinates"": [-94.541464, 39.051001], ""type"": ""Point""}",1YfYCpbdjUOzremMD0KqXi,folk
Bill Staines,/wiki/Bill_Staines,,"Medford, Massachusetts","{""coordinates"": [100.77522, 18.776703], ""type"": ""Point""}","{""coordinates"": [-71.108086, 42.42436], ""type"": ""Point""}",1yzH2rThCjpWpfhgiB7wAK,folk
James Lee Stanley,/wiki/James_Lee_Stanley,,Philadelphia,"{""coordinates"": [100.77522, 18.776703], ""type"": ""Point""}","{""coordinates"": [-75.168428, 39.990821], ""type"": ""Point""}",6VBsOzX05iaVzcEeLdV1Yq,folk
Jody Stecher,/wiki/Jody_Stecher,,Brooklyn,"{""coordinates"": [100.77522, 18.776703], ""type"": ""Point""}","{""coordinates"": [-73.956582, 40.652256], ""type"": ""Point""}",1mRgiIS98mLuRaQXADGA6D,folk
Sufjan Stevens,/wiki/Sufjan_Stevens,,"Detroit, Michigan","{""coordinates"": [100.77522, 18.776703], ""type"": ""Point""}","{""coordinates"": [-83.164558, 42.398648], ""type"": ""Point""}",4MXUO7sVCaFgFjoTI5ox5c,folk
The Story,/wiki/The_Story_(American_band),"Boston, Massachusetts, U.S.",,"{""coordinates"": [-71.048611, 42.355492], ""type"": ""Point""}","{""coordinates"": [100.77522, 18.776703], ""type"": ""Point""}",6meTcQ79DrfkIuSLPZkpBg,folk
Sweet Honey in the Rock,/wiki/Sweet_Honey_in_the_Rock,"Washington, D.C.",,"{""coordinates"": [-77.01712, 38.82652], ""type"": ""Point""}","{""coordinates"": [100.77522, 18.776703], ""type"": ""Point""}",3d4KAl1xvEw3akBK6CVCCA,folk
Taylor Swift,/wiki/Taylor_Swift,"Nashville, Tennessee, US","West Reading, Pennsylvania","{""coordinates"": [-86.834683, 36.236907], ""type"": ""Point""}","{""coordinates"": [-75.947603, 40.334189], ""type"": ""Point""}",06HL4z0CvFAxyc27GXpf02,folk
The Tarriers,/wiki/The_Tarriers,New York City,,"{""coordinates"": [-73.9708, 40.68295], ""type"": ""Point""}","{""coordinates"": [100.77522, 18.776703], ""type"": ""Point""}",44ByB5FFQnNnFK3nYTZX7w,folk
James Taylor,/wiki/James_Taylor,,"Boston, Massachusetts","{""coordinates"": [100.77522, 18.776703], ""type"": ""Point""}","{""coordinates"": [-71.048611, 42.355492], ""type"": ""Point""}",0vn7UBvSQECKJm2817Yf1P,folk
Livingston Taylor,/wiki/Livingston_Taylor,"Chapel Hill, North Carolina, U.S.",Boston,"{""coordinates"": [-79.035496, 35.930208], ""type"": ""Point""}","{""coordinates"": [-71.048611, 42.355492], ""type"": ""Point""}",2dMPVdTlcLlRcWtsrEXwAO,folk
Luke Temple,/wiki/Luke_Temple,"Boston, Massachusetts, United States",,"{""coordinates"": [-71.048611, 42.355492], ""type"": ""Point""}","{""coordinates"": [100.77522, 18.776703], ""type"": ""Point""}",6MUv39LOn5bz2QW4SBKE85,folk
Rosie Thomas,/wiki/Rosie_Thomas_(singer-songwriter),"Livonia, Michigan, U.S.",[1],"{""coordinates"": [-83.373299, 42.397179], ""type"": ""Point""}","{""coordinates"": [87.18018, 27.23006], ""type"": ""Point""}",5Tw6OSRLoU7IHTO8kHGRQr,folk
Artie Traum,/wiki/Artie_Traum,,"The Bronx, New York","{""coordinates"": [100.77522, 18.776703], ""type"": ""Point""}","{""coordinates"": [-73.874979, 40.853551], ""type"": ""Point""}",3CNgYS17eLx1vdJZNvlCsC,folk
Two Nice Girls,/wiki/Two_Nice_Girls,"Austin, Texas",,"{""coordinates"": [-97.836521, 30.222346], ""type"": ""Point""}","{""coordinates"": [100.77522, 18.776703], ""type"": ""Point""}",10zCD3RJN1uaoHjGCTS15f,folk
Uncle Bonsai,/wiki/Uncle_Bonsai,"Seattle, Washington, U.S.",,"{""coordinates"": [-122.331537, 47.673455], ""type"": ""Point""}","{""coordinates"": [100.77522, 18.776703], ""type"": ""Point""}",4CZFzWUxaBj4aDOeMW2mib,folk
Jay Ungar,/wiki/Jay_Ungar,,"The Bronx, New York City","{""coordinates"": [100.77522, 18.776703], ""type"": ""Point""}","{""coordinates"": [-73.874979, 40.853551], ""type"": ""Point""}",54jNT6jMGDoxMSBzUDEYSB,folk
Dave Van Ronk,/wiki/Dave_Van_Ronk,,Brooklyn,"{""coordinates"": [100.77522, 18.776703], ""type"": ""Point""}","{""coordinates"": [-73.956582, 40.652256], ""type"": ""Point""}",6QmHysWvckkQR74oxmLmtz,folk
Townes Van Zandt,/wiki/Townes_Van_Zandt,,"Fort Worth, Texas","{""coordinates"": [100.77522, 18.776703], ""type"": ""Point""}","{""coordinates"": [-97.33181, 32.729442], ""type"": ""Point""}",3ZWab2LEVkNKiBPIClTwof,folk
Suzanne Vega,/wiki/Suzanne_Vega,"New York City, U.S.","Santa Monica, California","{""coordinates"": [-73.9708, 40.68295], ""type"": ""Point""}","{""coordinates"": [-118.479052, 34.021711], ""type"": ""Point""}",3X0tJzVYoWlfjLYI0Ridsw,folk
Eric Von Schmidt,/wiki/Eric_Von_Schmidt,,"Bridgeport, Connecticut","{""coordinates"": [100.77522, 18.776703], ""type"": ""Point""}","{""coordinates"": [-73.187333, 41.188221], ""type"": ""Point""}",739hmk6VVud7fbPNmYL7pa,folk
Loudon Wainwright III,/wiki/Loudon_Wainwright_III,"Bedford, New York, U.S.","Chapel Hill, North Carolina","{""coordinates"": [-73.649174, 41.240269], ""type"": ""Point""}","{""coordinates"": [-79.035496, 35.930208], ""type"": ""Point""}",3loACRmkzdtOMNJEaB6j8L,folk
Tom Waits,/wiki/Tom_Waits,,"Whittier, California","{""coordinates"": [100.77522, 18.776703], ""type"": ""Point""}","{""coordinates"": [-118.16576, 34.019023], ""type"": ""Point""}",7x83XhcMbOTl1UdYsPTuZM,folk
M. Ward,/wiki/M._Ward,"Glendale, California, U.S.",,"{""coordinates"": [-118.24774, 34.176355], ""type"": ""Point""}","{""coordinates"": [100.77522, 18.776703], ""type"": ""Point""}",6nXSnNEdLuKTzAQozRtqiI,folk
Washington Squares,/wiki/Washington_Squares,"Greenwich Village, NY, U.S.",,"{""coordinates"": [-73.996497, 40.731498], ""type"": ""Point""}","{""coordinates"": [100.77522, 18.776703], ""type"": ""Point""}",3ZQOs0TSimeaE1kMUZ2GCT,folk
Linda Waterfall,/wiki/Linda_Waterfall,"Seattle, WA","[1], Illinois","{""coordinates"": [-122.331537, 47.673455], ""type"": ""Point""}","{""coordinates"": [120.969323, 14.276238], ""type"": ""Point""}",5jCoozSbSPCRH2fQSwyRBS,folk
Doc Watson,/wiki/Doc_Watson,,"Deep Gap, North Carolina","{""coordinates"": [100.77522, 18.776703], ""type"": ""Point""}","{""coordinates"": [-81.503834, 36.233889], ""type"": ""Point""}",01N1aZStXA4yGvkz4vRXtJ,folk
Willie Watson,/wiki/Willie_Watson_(musician),,"Watkins Glen, New York","{""coordinates"": [100.77522, 18.776703], ""type"": ""Point""}","{""coordinates"": [-76.866967, 42.379004], ""type"": ""Point""}",5j9IEu1SEY0JslCPmfVsgq,folk
The Weavers,/wiki/The_Weavers,"Greenwich Village, New York City, United States",,"{""coordinates"": [-73.996497, 40.731498], ""type"": ""Point""}","{""coordinates"": [100.77522, 18.776703], ""type"": ""Point""}",4E5eAkpbJLO40r8fWNWm6X,folk
The Weepies,/wiki/The_Weepies,"Cambridge, Massachusetts, U.S.",,"{""coordinates"": [-71.115987, 42.38036], ""type"": ""Point""}","{""coordinates"": [100.77522, 18.776703], ""type"": ""Point""}",6pwHWKweuoCyx3OoFaD0Q5,folk
Gillian Welch,/wiki/Gillian_Welch,"Nashville, Tennessee",New York City,"{""coordinates"": [-86.834683, 36.236907], ""type"": ""Point""}","{""coordinates"": [-73.9708, 40.68295], ""type"": ""Point""}",2H5elA2mJKrHmqkN9GSfkz,folk
Hedy West,/wiki/Hedy_West,"Cartersville, Georgia[1]",,"{""coordinates"": [-84.799481, 34.160411], ""type"": ""Point""}","{""coordinates"": [100.77522, 18.776703], ""type"": ""Point""}",4SvvBi2pikrPFaCpESBLXw,folk
Floyd Red Crow Westerman,/wiki/Floyd_Red_Crow_Westerman,,"Lake Traverse Indian Reservation, South Dakota","{""coordinates"": [100.77522, 18.776703], ""type"": ""Point""}","{""coordinates"": [-100.229958, 44.470716], ""type"": ""Point""}",2ficckYpBLlSvbKH3GbUBb,folk
Cheryl Wheeler,/wiki/Cheryl_Wheeler,"Timonium, Maryland, United States",,"{""coordinates"": [-76.614069, 39.444041], ""type"": ""Point""}","{""coordinates"": [100.77522, 18.776703], ""type"": ""Point""}",4bvWv6KDmnNNJCfElUEgsZ,folk
Whiskeytown,/wiki/Whiskeytown,"Raleigh, North Carolina, U.S.",,"{""coordinates"": [-78.64439, 35.795543], ""type"": ""Point""}","{""coordinates"": [100.77522, 18.776703], ""type"": ""Point""}",0tyLMmQvEuyQR4qjGBdbem,folk
Josh White,/wiki/Josh_White,,"Greenville, South Carolina","{""coordinates"": [100.77522, 18.776703], ""type"": ""Point""}","{""coordinates"": [-82.382065, 34.846404], ""type"": ""Point""}",4KTkQA8GYHDdnF85o70VoO,folk
William Elliott Whitmore,/wiki/William_Elliott_Whitmore,,"Lee County, Iowa","{""coordinates"": [100.77522, 18.776703], ""type"": ""Point""}","{""coordinates"": [-91.509096, 40.664914], ""type"": ""Point""}",55N838yCXjxLVkBkIM5pnf,folk
David Wilcox,/wiki/David_Wilcox_(American_musician),,"Mentor, Ohio","{""coordinates"": [100.77522, 18.776703], ""type"": ""Point""}","{""coordinates"": [-81.327089, 41.688644], ""type"": ""Point""}",3BTGj5kBXwkmm8M3vMbypx,folk
Dar Williams,/wiki/Dar_Williams,"Mount Kisco, New York, US",,"{""coordinates"": [-73.730197, 41.203437], ""type"": ""Point""}","{""coordinates"": [100.77522, 18.776703], ""type"": ""Point""}",4Aarr7f0itQ2WFmmiPcriK,folk
Lucinda Williams,/wiki/Lucinda_Williams,,"Lake Charles, Louisiana","{""coordinates"": [100.77522, 18.776703], ""type"": ""Point""}","{""coordinates"": [-93.213418, 30.203629], ""type"": ""Point""}",60ht0hWRy1yjUDfNsLuHuP,folk
Victoria Williams,/wiki/Victoria_Williams,,"Shreveport, Louisiana","{""coordinates"": [100.77522, 18.776703], ""type"": ""Point""}","{""coordinates"": [-93.764207, 32.467848], ""type"": ""Point""}",3X4XES8PyvXVguL9Q6IEVD,folk
Cris Williamson,/wiki/Cris_Williamson,,"Deadwood, South Dakota","{""coordinates"": [100.77522, 18.776703], ""type"": ""Point""}","{""coordinates"": [-103.720282, 44.384596], ""type"": ""Point""}",3HAd50yqk5ADswivbp5lWf,folk
Wishing Chair,/wiki/Wishing_Chair,"Lexington, Kentucky, United States",,"{""coordinates"": [-84.474459, 38.056966], ""type"": ""Point""}","{""coordinates"": [100.77522, 18.776703], ""type"": ""Point""}",7KHj0yjNyFOiP60uTltQoQ,folk
Denison Witmer,/wiki/Denison_Witmer,"Lancaster, Pennsylvania, U.S.",,"{""coordinates"": [-76.304136, 40.038119], ""type"": ""Point""}","{""coordinates"": [100.77522, 18.776703], ""type"": ""Point""}",2sJ5Iicthbc9d8Sl1dpeSB,folk
Kate Wolf,/wiki/Kate_Wolf,,"San Francisco, California","{""coordinates"": [100.77522, 18.776703], ""type"": ""Point""}","{""coordinates"": [-122.431272, 37.778008], ""type"": ""Point""}",0WisBVzWAcOpZtdUf23TiC,folk
Hally Wood,/wiki/Hally_Wood,,"Washington, D.C.","{""coordinates"": [100.77522, 18.776703], ""type"": ""Point""}","{""coordinates"": [-77.01712, 38.82652], ""type"": ""Point""}",4cAUFrgRIV25uKnTH8pfJu,folk
Martin Zellar,/wiki/Martin_Zellar,,"Austin, Minnesota","{""coordinates"": [100.77522, 18.776703], ""type"": ""Point""}","{""coordinates"": [-92.988013, 43.66604], ""type"": ""Point""}",6nWoeTrnmG1742Y5fMGwpX,folk
