name,link,origin,birth,origin_point,birth_point,genre,spotify_id
"The ""5"" Royales",/wiki/The_%225%22_Royales,"Winston-Salem, North Carolina, United States",,POINT (-80.260878 36.105975),,soul,67OIf7vgqZq9qFuDqmCFyI
The 5th Dimension,/wiki/The_5th_Dimension,"Los Angeles, California, United States",,POINT (-118.25703 34.05513),,soul,1UUYAQ9LiRsZF0ZukQNWXM
Aaliyah,/wiki/Aaliyah,"Detroit, Michigan, US",,POINT (-83.164558 42.398648),,soul,0urTpYCsixqZwgNTkPJOJ4
Adele,/wiki/Adele,,London,POINT (100.77522 18.776703),POINT (-0.099076 51.509648),soul,4dpARuHxo51G3z768sgnrY
Amy Winehouse,/wiki/Amy_Winehouse,,"Southgate, London",POINT (100.77522 18.776703),POINT (-0.13208 51.63169),soul,6Q192DXotxtaysaqNPy5yR
Anderson Paak,/wiki/Anderson_Paak,,"Oxnard, California",POINT (100.77522 18.776703),POINT (-119.180285 34.195054),soul,3jK9MiCrA42lLAdMGUZpwa
Aretha Franklin,/wiki/Aretha_Franklin,"Detroit, Michigan, U.S.","Memphis, Tennessee",POINT (-83.164558 42.398648),POINT (-89.954644 35.112125),soul,7nwUJBm0HE4ZxD3f5cy5ok
Arthur Alexander,/wiki/Arthur_Alexander,,"Sheffield, Alabama",POINT (100.77522 18.776703),POINT (-87.692174 34.759401),soul,0j4pxInmdtF4bYQj0VVpbz
Aṣa,/wiki/A%E1%B9%A3a,,"Paris, France",POINT (100.77522 18.776703),POINT (2.342865 48.858705),soul,0upXUo04k4k8bGVSkmgrSc
Ashford & Simpson,/wiki/Ashford_%26_Simpson,"New York, New York, U.S.",,POINT (-73.9708 40.68295),,soul,2EURsXo9qlt1aMWlviGCRi
Atlantic Starr,/wiki/Atlantic_Starr,"White Plains, New York, U.S.",,POINT (-73.755405 41.014714),,soul,2YdVmtVBpIrv0N6WiBzSqm
Aurea,/wiki/Aurea_(singer),"Alvalade Do Sado, Portugal",Santiago do Cacém,POINT (-8.797754 38.494792),POINT (-8.691874 38.018419),soul,5EKwewrlUxiY4GING1LEMH
Ayọ,/wiki/Ay%E1%BB%8D,"Cologne, West Germany",,POINT (7.002998 50.928344),,soul,6OkX55UMCw4Hgc5HM4zr7K
Barbara Acklin,/wiki/Barbara_Acklin,"Chicago, Illinois, U.S.","Oakland, California",POINT (-87.66063 41.87897),POINT (-122.197811 37.785199),soul,5cIS9VdHDj2fozLl19Gg2A
India.Arie,/wiki/India.Arie,"Atlanta, Georgia, U.S.","Denver, Colorado",POINT (-84.414581 33.769805),POINT (-104.985798 39.740959),soul,7Gf3LSwa5hh8Cjo60WhVjC
Jhené Aiko,/wiki/Jhen%C3%A9_Aiko,,"[1], Los Angeles, California",POINT (100.77522 18.776703),POINT (-3.701047 40.352392),soul,5ZS223C6JyBfXasXxrRqOk
Johnny Ace,/wiki/Johnny_Ace,,"Memphis, Tennessee",POINT (100.77522 18.776703),POINT (-89.954644 35.112125),soul,3sFl2kyQgKddOq2sKgv6ah
Johnny Adams,/wiki/Johnny_Adams,"New Orleans, Louisiana, U.S.",,POINT (-89.889852 30.056708),,soul,24qtJegdRiX2TPRvPN6rzk
Melanie Amaro,/wiki/Melanie_Amaro,"Tortola, British Virgin Islands","Fort Lauderdale, Florida",POINT (-64.640814 18.42785),POINT (-80.142951 26.121044),soul,5jWTiWBU6BfIEtcYwYA3nv
Vanessa Amorosi,/wiki/Vanessa_Amorosi,,"Melbourne, Victoria",POINT (100.77522 18.776703),POINT (144.978682 -37.825071),soul,5M0fvL9GMc2zTuIIQwresj
Patti Austin,/wiki/Patti_Austin,,"Harlem, New York",POINT (100.77522 18.776703),POINT (-73.941371 40.809139),soul,0JxChc2w5fwTGbXKfc4cRd
Shola Ama,/wiki/Shola_Ama,,London,POINT (100.77522 18.776703),POINT (-0.099076 51.509648),soul,1XCorAp4vtEceWjPgyiiw6
Sunshine Anderson,/wiki/Sunshine_Anderson,,"Winston-Salem, North Carolina",POINT (100.77522 18.776703),POINT (-80.260878 36.105975),soul,0hnmRa5ahunapQbPjKUbMK
Baby Huey & the Babysitters,/wiki/Baby_Huey_(singer),"Chicago, Illinois, United States","Richmond, Indiana",POINT (-87.66063 41.87897),POINT (-78.98559 40.81868),soul,3YFP5QHEKv8RZZsPminjdv
Chimène Badi,/wiki/Chim%C3%A8ne_Badi,"Melun, Paris Region, France",,POINT (2.658298 48.543473),,soul,04kcokUKRXC8btCcOMLi8z
Erykah Badu,/wiki/Erykah_Badu,,"Dallas, Texas",POINT (100.77522 18.776703),POINT (-96.784359 32.736212),soul,7IfculRW2WXyzNQ8djX8WX
Corinne Bailey Rae,/wiki/Corinne_Bailey_Rae,,Leeds,POINT (100.77522 18.776703),POINT (-1.544227 53.797563),soul,29WzbAQtDnBJF09es0uddn
Anita Baker,/wiki/Anita_Baker,"Detroit, Michigan, U.S.","Toledo, Ohio",POINT (-83.164558 42.398648),POINT (-83.563577 41.673729),soul,46CH1Gp8l8QVly8bpG9JFG
LaVern Baker,/wiki/LaVern_Baker,,Chicago,POINT (100.77522 18.776703),POINT (-87.66063 41.87897),soul,0V6zo2mJw9FdwWLClKC9yw
Hank Ballard,/wiki/Hank_Ballard,,"[1], Detroit",POINT (100.77522 18.776703),POINT (121.04338 14.627023),soul,01PZH8MrTxfgfTXNqpMRjG
Ben l'Oncle Soul,/wiki/Ben_l%27Oncle_Soul,,"Chambray-lès-Tours, Centre, France",POINT (100.77522 18.776703),POINT (0.706565 47.338312),soul,2dJTa3mUidZAO9sKcY72tK
Bessie Banks,/wiki/Bessie_Banks,,"New Bern, North Carolina",POINT (100.77522 18.776703),POINT (-77.079527 35.121888),soul,6q0Dhe6TgMq4Qw07QjlwPu
Darrell Banks,/wiki/Darrell_Banks,,"Mansfield, Ohio",POINT (100.77522 18.776703),POINT (-82.526546 40.750739),soul,5vWhw0XzIKRr5YUsYB2w3m
The Bar-Kays,/wiki/The_Bar-Kays,"Memphis, Tennessee, U.S.",,POINT (-89.954644 35.112125),,soul,0Z4CzYz9ieK8q9XiVMPkW5
J. J. Barnes,/wiki/J._J._Barnes,,"Detroit, Michigan",POINT (100.77522 18.776703),POINT (-83.164558 42.398648),soul,2hIOIluaknpeTzdniBzj8A
Fontella Bass,/wiki/Fontella_Bass,,"St. Louis, Missouri",POINT (100.77522 18.776703),POINT (-90.244086 38.633024),soul,6k3YMXJ1MJLgUEAlSPC6hA
Archie Bell and the Drells,/wiki/Archie_Bell_and_the_Drells,"Houston, Texas, U.S.",,POINT (-95.361416 29.784753),,soul,1kupwLFpHALpmhp5qol8xH
William Bell,/wiki/William_Bell_(singer),,"Memphis, Tennessee",POINT (100.77522 18.776703),POINT (-89.954644 35.112125),soul,0mFoqJiNDtYntypvy6roGR
Regina Belle,/wiki/Regina_Belle,,"[1], [2], [3], Englewood, New Jersey, [3]",POINT (100.77522 18.776703),POINT (-74.000169 40.737975),soul,3J9tQvcK0bY3CcVcgRELxH
Brook Benton,/wiki/Brook_Benton,,"Lugoff, South Carolina",POINT (100.77522 18.776703),POINT (-80.668447 34.220977),soul,2ttm3uT0N1RN7vwKv1pQgh
Chuck Berry,/wiki/Chuck_Berry,,St. Louis,POINT (100.77522 18.776703),POINT (-16.48962 16.01793),soul,293zczrfYafIItmnmM3coR
Bez,/wiki/Bez_(musician),,"Jos, Plateau State",POINT (100.77522 18.776703),POINT (-118.053101 46.962747),soul,48JvCuzifup2pSE40d5eMa
Bilal,/wiki/Bilal_(American_singer),,"Philadelphia, Pennsylvania",POINT (100.77522 18.776703),POINT (-75.168428 39.990821),soul,4jCbgl5Dmt3uOh8WRQfpPs
Diane Birch,/wiki/Diane_Birch,"Portland, Oregon, U.S.",,POINT (-122.650095 45.533467),,soul,5m2sKBa2fJAm4P2MWfopum
Aloe Blacc,/wiki/Aloe_Blacc,,"Laguna Hills, California",POINT (100.77522 18.776703),POINT (-117.689941 33.58478),soul,0id62QV2SZZfvBn9xpmuCl
Bobby Bland,/wiki/Bobby_Bland,,"Barretville, Tennessee",POINT (100.77522 18.776703),POINT (-89.76342 35.3737),soul,48nwxUvPJZkm8uPa7xMzmj
Beyoncé,/wiki/Beyonc%C3%A9,,"[a], Houston",POINT (100.77522 18.776703),POINT (-95.463123 29.669128),soul,6vWDO969PvNqNYHIOW5v0m
Mary J. Blige,/wiki/Mary_J._Blige,"Savannah, Georgia, U.S.Yonkers, New York, U.S.",New York City,POINT (-81.099581 32.043334),POINT (-73.9708 40.68295),soul,1XkoF8ryArs86LZvFOkbyr
Bob & Earl,/wiki/Bob_%26_Earl,"Los Angeles, California, United States",,POINT (-118.25703 34.05513),,soul,2QsynagSdAqZj3U9HgDzjD
Gary U.S. Bonds,/wiki/Gary_U.S._Bonds,,"Jacksonville, Florida",POINT (100.77522 18.776703),POINT (-81.660992 30.369914),soul,1Qw8MHpjYxm9Xf0O1ZfPiX
Booker T. & the MG's,/wiki/Booker_T._%26_the_MG%27s,"Memphis, Tennessee, U.S.",,POINT (-89.954644 35.112125),,soul,2vDV0T8sxx2ENnKXds75e5
Larry Braggs,/wiki/Tower_of_Power,"Oakland, California, U.S.",,POINT (-122.197811 37.785199),,soul,26WQg9AL1aGOpFLbPU8bX8
Charles Bradley,/wiki/Charles_Bradley_(singer),,Gainesville,POINT (100.77522 18.776703),POINT (-82.347233 29.668066),soul,462T0buQ5ScBUQCRpodDRf
Brandy,/wiki/Brandy_Norwood,"Carson, California, U.S.","McComb, Mississippi",POINT (-118.259285 33.835289),POINT (-90.463906 31.243547),soul,05oH07COxkXKIMt6mIPRee
Tamar Braxton,/wiki/Tamar_Braxton,,"Severn, Maryland, [1]",POINT (100.77522 18.776703),POINT (-76.689386 39.130595),soul,1MT1Wz4G9Z9EVOg4L5zZMS
Toni Braxton,/wiki/Toni_Braxton,,"[1], Severn, Maryland",POINT (100.77522 18.776703),POINT (-101.12349 48.310013),soul,3X458ddYA2YcVWuVIGGOYe
Marc Broussard,/wiki/Marc_Broussard,"Carencro, Louisiana, U.S.",,POINT (-92.039864 30.312748),,soul,4cEwEednPwWCdYT7ZhROZe
Divine Brown,/wiki/Divine_Brown_(Canadian_performer),"Toronto, Ontario, Canada",Toronto,POINT (-79.38171 43.64877),POINT (-79.38171 43.64877),soul,0quKBMxFPX36JhyGmNOZKa
James Brown,/wiki/James_Brown,"Toccoa, Georgia, U.S.","Barnwell, South Carolina",POINT (-83.332979 34.580456),POINT (-81.382757 33.281927),soul,7GaxyUddsPok8BuhxN6OUW
Maxine Brown,/wiki/Maxine_Brown_(soul_singer),,"Kingstree, South Carolina",POINT (100.77522 18.776703),POINT (-79.826597 33.665573),soul,1kCqTUSrWJEHZm2GSpRuMV
Nappy Brown,/wiki/Nappy_Brown,,"Charlotte, North Carolina",POINT (100.77522 18.776703),POINT (-80.81711 35.19534),soul,7oR6vQt8KT2ZWUpC65jTha
Ruth Brown,/wiki/Ruth_Brown,,"[1], Portsmouth, Virginia",POINT (100.77522 18.776703),POINT (-76.29827 36.83543),soul,4EYVgfZJ8wKXWmIvCx3gOY
Shirley Brown,/wiki/Shirley_Brown,"West Memphis, Arkansas, United States",,POINT (-90.185285 35.1514),,soul,5EORJzqrFf7pwweCv9fUnV
Peabo Bryson,/wiki/Peabo_Bryson,,"Greenville, South Carolina",POINT (100.77522 18.776703),POINT (-82.382065 34.846404),soul,49iKbKGqgn8OESkW5WduX0
Solomon Burke,/wiki/Solomon_Burke,,"[1], Philadelphia",POINT (100.77522 18.776703),POINT (13.896891 52.247439),soul,4nts0oxMT67lVUoi5Kjxrb
Bryson Tiller,/wiki/Bryson_Tiller,,"Louisville, Kentucky",POINT (100.77522 18.776703),POINT (-85.776881 38.141177),soul,2EMAnMvWE2eb56ToJVfCWs
Billy Butler,/wiki/Billy_Butler_(singer),,"Chicago, Illinois",POINT (100.77522 18.776703),POINT (-87.66063 41.87897),soul,1nWzeAq1znj206rT3xWdwt
Jerry Butler,/wiki/Jerry_Butler_(singer),,"Sunflower, Mississippi",POINT (100.77522 18.776703),POINT (-90.607303 33.476207),soul,0U2mUJuJkthantMGmsJygP
Bobby Byrd,/wiki/Bobby_Byrd,,"Toccoa, Georgia",POINT (100.77522 18.776703),POINT (-83.332979 34.580456),soul,6WXpplxbfcLvaAlhDbfEyO
Roy C,/wiki/Roy_C,,"Newington, Georgia",POINT (100.77522 18.776703),POINT (-81.506146 32.588504),soul,5ghp5ErAmXs1NTonjBM5kT
Mariah Carey,/wiki/Mariah_Carey,,"[a], Huntington, New York",POINT (100.77522 18.776703),POINT (-73.43027 40.893067),soul,4iHNK0tOyZPYnBU7nGAgpQ
Carl Carlton,/wiki/Carl_Carlton,,"Detroit, Michigan",POINT (100.77522 18.776703),POINT (-83.164558 42.398648),soul,6gYjIUFuKIBVJfxXnmrd5P
James Carr,/wiki/James_Carr_(singer),,"Coahoma, Mississippi",POINT (100.77522 18.776703),POINT (-90.575075 34.226564),soul,59fzcTUsoozikLmRY1SwHS
Clarence Carter,/wiki/Clarence_Carter,,"Montgomery, Alabama",POINT (100.77522 18.776703),POINT (-86.239651 32.359185),soul,7lffJlv0nRl0sIsHDmo0SB
The Chambers Brothers,/wiki/The_Chambers_Brothers,"Los Angeles, California",,POINT (-118.25703 34.05513),,soul,0OwaxYpG77PWKSLtj1QzG8
Ray Charles,/wiki/Ray_Charles,"Greenville, Florida, U.S.","[note 1], Albany, Georgia",POINT (-83.636509 30.467443),POINT (-84.17833 31.580711),soul,1eYhYunlNJlDoQhtYBvPsi
Chubby Checker,/wiki/Chubby_Checker,"Philadelphia, Pennsylvania, U.S.","Spring Gully, South Carolina",POINT (-75.168428 39.990821),POINT (-79.4095 33.38739),soul,7qQJQ3YtcGlqaLg5tcypN2
Cody ChesnuTT,/wiki/Cody_ChesnuTT,"Atlanta, Georgia",,POINT (-84.414581 33.769805),,soul,3sO8muEXafy2NGwUZByrTr
Ciara,/wiki/Ciara,"Atlanta, Georgia, U.S.","Fort Hood, Texas",POINT (-84.414581 33.769805),POINT (-97.836585 32.436117),soul,2NdeV5rLm47xAvogXrYhJX
Chic,/wiki/Chic_(band),"New York City, New York, United States",,POINT (-73.9708 40.68295),,soul,3iDD7bnsjL9J4fO298r0L0
The Chiffons,/wiki/The_Chiffons,"The Bronx, New York City, United States",,POINT (-73.874979 40.853551),,soul,05sIdEkXAYDbDDdv3T56Oj
The Chi-Lites,/wiki/The_Chi-Lites,"Chicago, Illinois, United States",,POINT (-87.66063 41.87897),,soul,7BFr36uI1dzJyo6tpa5Ued
Otis Clay,/wiki/Otis_Clay,,"Waxhaw, Mississippi",POINT (100.77522 18.776703),POINT (-90.96927 33.91761),soul,2jV8AcZ8W3TfiqInUGWwlL
Willie Clayton,/wiki/Willie_Clayton,,"Indianola, Mississippi",POINT (100.77522 18.776703),POINT (-90.65509 33.45095),soul,5YtfmlJnLT6TR7kiBKqNhj
Chris Brown,/wiki/Chris_Brown,,"Tappahannock, Virginia",POINT (100.77522 18.776703),POINT (-76.866317 37.920306),soul,7bXgB6jMjp9ATFy66eO08Z
Coco Jones,/wiki/Coco_Jones,"Lebanon, Tennessee, U.S.","Columbia, South Carolina",POINT (-86.320404 36.203187),POINT (-80.846323 34.044165),soul,4DHLoiIqFYYFjH09WduvFd
George Clinton,/wiki/George_Clinton_(funk_musician),"Plainfield, New Jersey, U.S.","Kannapolis, North Carolina",POINT (-74.411727 40.613736),POINT (-80.626823 35.477919),soul,2GVBp7QyHckoOg7rYkLvrA
Joe Cocker,/wiki/Joe_Cocker,,"Sheffield, West Riding of Yorkshire",POINT (100.77522 18.776703),POINT (-1.470097 53.385013),soul,3pFCERyEiP5xeN2EsPXhjI
Natalie Cole,/wiki/Natalie_Cole,"Chicago, Illinois, U.S.","Los Angeles, California",POINT (-87.66063 41.87897),POINT (-118.25703 34.05513),soul,5tTsrGPwQRWUsHR2Xf7Ke9
Mitty Collier,/wiki/Mitty_Collier,,"Birmingham, Alabama, United States",POINT (100.77522 18.776703),POINT (-86.800929 33.530651),soul,0nDEW2hmRliyOfxJwO2CL9
"William ""Bootsy"" Collins",/wiki/Bootsy_Collins,,"Cincinnati, Ohio",POINT (100.77522 18.776703),POINT (-84.544084 39.147604),soul,5K0rbdBrs2tNXe5LeWMATT
The Commodores,/wiki/The_Commodores,"Tuskegee, Alabama, U.S.",,POINT (-85.696712 32.424081),,soul,6twIAGnYuIT1pncMAsXnEm
Arthur Conley,/wiki/Arthur_Conley,,"McIntosh County, Georgia",POINT (100.77522 18.776703),POINT (-81.370091 31.484167),soul,10TSIJnyUcowWhpjj59gHB
Sarah Connor,/wiki/Sarah_Connor_(singer),,"Delmenhorst, [1], West Germany",POINT (100.77522 18.776703),POINT (9.687096 50.970097),soul,7e52Ytzjj1q71DUj2cSlch
The Contours,/wiki/The_Contours,"Detroit, Michigan, United States",,POINT (-83.164558 42.398648),,soul,2ugPdplEWBmyU6EcIzlcY1
Sam Cooke,/wiki/Sam_Cooke,"Chicago, Illinois, U.S.","[1], [2], Clarksdale, Mississippi",POINT (-87.66063 41.87897),POINT (-88.460137 34.012391),soul,6hnWRPzGGKiapVX1UCdEAC
Don Covay,/wiki/Don_Covay,,"Orangeburg, South Carolina",POINT (100.77522 18.776703),POINT (-80.862668 33.496498),soul,3SC1GczHVpsiorx1KFaa4S
Deborah Cox,/wiki/Deborah_Cox,,"Toronto, Ontario",POINT (100.77522 18.776703),POINT (-79.38171 43.64877),soul,601893mmW5hl1FBOykWZHG
Jonny Craig,/wiki/Jonny_Craig,,"Minot, North Dakota, [1]",POINT (100.77522 18.776703),POINT (-101.300918 48.227693),soul,46MmlFKM8ivDsUnGOejvSM
Robert Cray,/wiki/Robert_Cray,"Newport News, Virginia, U.S.",Columbus,POINT (-76.514264 37.077755),POINT (-82.985331 39.980761),soul,6eMlKSBFAoXVJLoeHmwKEj
Darren Criss,/wiki/Darren_Criss,,San Francisco,POINT (100.77522 18.776703),POINT (-122.431272 37.778008),soul,3nQ59hkeciYoR6RreQL4Rv
The Crystals,/wiki/The_Crystals,"New York City, U.S.",,POINT (-73.9708 40.68295),,soul,7rewR1TVjhisjI6gauUamf
Tracy Chapman,/wiki/Tracy_Chapman,,"Cleveland, Ohio",POINT (100.77522 18.776703),POINT (-81.651327 41.496551),soul,7oPgCQqMMXEXrNau5vxYZP
D'Angelo,/wiki/D%27Angelo,,"Richmond, Virginia",POINT (100.77522 18.776703),POINT (-77.473927 37.519231),soul,336vr2M3Va0FjyvB55lJEd
Terence Trent D'Arby,/wiki/Terence_Trent_D%27Arby,"London, England[1]",Manhattan,POINT (-0.099076 51.509648),POINT (-73.967596 40.777048),soul,6RGxLsQUoGk5PLyMVwb3yE
Tyrone Davis,/wiki/Tyrone_Davis,"Chicago, Illinois, U.S.","Greenville, Mississippi",POINT (-87.66063 41.87897),POINT (-91.052512 33.39019),soul,76agLI5oSCFbmZnBqKcBJd
DeBarge,/wiki/DeBarge,"Grand Rapids, Michigan, U.S.",,POINT (-85.662014 42.966406),,soul,6is2U7I1jlI8PjxNZOHIMV
The Delfonics,/wiki/The_Delfonics,"Philadelphia, Pennsylvania, U.S.",,POINT (-75.168428 39.990821),,soul,6YPRXu1dazGYcSZv4HJEH4
The Dells,/wiki/The_Dells,"Harvey, Illinois, U.S.",,POINT (-87.651521 41.611993),,soul,0wbrRIw2po5DV4LeaHw55S
Delvon Lamarr Organ Trio,/wiki/Delvon_Lamarr_Organ_Trio,"Seattle, Washington, U.S.",,POINT (-122.331537 47.673455),,soul,7owr01EP6gwCYjnfQtPKy8
Joy Denalane,/wiki/Joy_Denalane,,"West Berlin, West Germany",POINT (100.77522 18.776703),POINT (8.340895 49.065546),soul,5vP3nmsaGrondXXS5BvrSH
Sugar Pie DeSanto,/wiki/Sugar_Pie_DeSanto,"San Francisco, California","Brooklyn, New York",POINT (-122.431272 37.778008),POINT (-73.956582 40.652256),soul,3xIkJAnwLy7NwZpPwvaSPc
Des'ree,/wiki/Des%27ree,,"Croydon, London",POINT (100.77522 18.776703),POINT (-0.092786 51.373327),soul,73ZPfpfg1LBVvDEArK4l5B
Destiny's Child,/wiki/Destiny%27s_Child,"Houston, Texas, U.S.",,POINT (-95.361416 29.784753),,soul,1Y8cdNmUJH7yBTd9yOvr5i
The Detroit Emeralds,/wiki/The_Detroit_Emeralds,"Little Rock, Arkansas, United States",,POINT (-92.355844 34.713561),,soul,51hRQLOySCpDBsBL6C03IZ
Jim Diamond,/wiki/Jim_Diamond_(Scottish_musician),,Bridgeton,POINT (100.77522 18.776703),POINT (-75.228068 39.427987),soul,4MC3knlcFjcW7nt2hdn4Dk
Bo Diddley,/wiki/Bo_Diddley,,"McComb, Mississippi",POINT (100.77522 18.776703),POINT (-90.463906 31.243547),soul,2bmixwMZXlkl2sbIbOfviq
Fats Domino,/wiki/Fats_Domino,,New Orleans,POINT (100.77522 18.776703),POINT (-89.889852 30.056708),soul,09C0xjtosNAIXP36wTnWxd
Melinda Doolittle,/wiki/Melinda_Doolittle,"Brentwood, Tennessee, United States","St. Louis, Missouri",POINT (-86.766896 35.987928),POINT (-90.244086 38.633024),soul,0X9gb2eyRES9z1wiIQExLL
Lee Dorsey,/wiki/Lee_Dorsey,,New Orleans,POINT (100.77522 18.776703),POINT (-89.889852 30.056708),soul,0En4EEcDMJ5kaUCf1aZ9js
The Dramatics,/wiki/The_Dramatics,"Detroit, Michigan, U.S.",,POINT (-83.164558 42.398648),,soul,2W8UTum7bU7ue6m0r14H97
The Drifters,/wiki/The_Drifters,"New York City, U.S.",,POINT (-73.9708 40.68295),,soul,1FqqOl9itIUpXr4jZPIVoT
Dru Hill,/wiki/Dru_Hill,"Baltimore, Maryland, U.S.",,POINT (-76.649533 39.319732),,soul,1255GTUKNCLCTvH9ctD4cT
Duffy,/wiki/Duffy_(singer),,"[1], Bangor, Gwynedd, Wales",POINT (100.77522 18.776703),POINT (-4.117337 53.225983),soul,37NqXwtb6nIEqRt4EJSoIO
Doris Duke,/wiki/Doris_Duke_(soul_singer),,"Sandersville, Georgia",POINT (100.77522 18.776703),POINT (-82.812959 32.982552),soul,4EBkFWxQ0EP5Fvya15d3Af
DaniLeigh,/wiki/DaniLeigh,,"Miami, Florida",POINT (100.77522 18.776703),POINT (-80.210268 25.766368),soul,0XIKGBo9PnK1ApI5tZA60d
Dwele,/wiki/Dwele,,"Detroit, Michigan",POINT (100.77522 18.776703),POINT (-83.164558 42.398648),soul,7u6LfVyYpEzMpHLL7jTyvU
Daniel Caesar,/wiki/Daniel_Caesar,"Oshawa, Ontario, Canada","Toronto, Ontario, [1]",POINT (-78.825991 43.827693),POINT (-79.372904 43.669444),soul,20wkVLutqVOYrc0kxFs7rA
Dyke and the Blazers,/wiki/Dyke_and_the_Blazers,"Buffalo, New York, U.S.",,POINT (-78.852918 42.890831),,soul,5dORjaew9A94A25xvTMiTg
"Earth, Wind & Fire","/wiki/Earth,_Wind_%26_Fire","Chicago, Illinois, U.S.",,POINT (-87.66063 41.87897),,soul,4QQgXkCYTt3BlENzhyNETg
Anderson East,/wiki/Anderson_East,"Athens, Alabama, United States",,POINT (-86.961288 34.788083),,soul,5q6z6GTth6lMbL9I8CAgby
Eddie & Ernie,/wiki/Eddie_%26_Ernie,"Phoenix, Arizona, U.S.",,POINT (-112.070892 33.60503),,soul,1Zq8pfBl4ejCMrWdeAdphc
The Elgins,/wiki/The_Elgins,"Detroit, Michigan, United States",,POINT (-83.164558 42.398648),,soul,0CMVsLgjlp9Tk02TikMAQK
Lorraine Ellison,/wiki/Lorraine_Ellison,,Philadelphia,POINT (100.77522 18.776703),POINT (-75.168428 39.990821),soul,7h38QSSoFKgb7WgNC7cZp0
The Emotions,/wiki/The_Emotions,"Chicago, Illinois, U.S.",,POINT (-87.66063 41.87897),,soul,64CuUOOirKmdAYLQSfaOyr
Estelle,/wiki/Estelle_(musician),,London,POINT (100.77522 18.776703),POINT (-0.099076 51.509648),soul,5T0MSzX9RC5NA6gAI6irSn
Eye Alaska,/wiki/Eye_Alaska,"Orange County, California, United States",,POINT (-117.770825 33.688007),,soul,2yfX9Gi5CAWY564h9TDqBc
Faith Evans,/wiki/Faith_Evans,,"Lakeland, Florida",POINT (100.77522 18.776703),POINT (-81.945678 28.071323),soul,5NDMothbpdpq2xHqSjrrWn
Terry Evans,/wiki/Terry_Evans_(musician),,"Vicksburg, Mississippi",POINT (100.77522 18.776703),POINT (-90.874753 32.316767),soul,2pRTJxkj9tgEe7A4CCQdFt
Ella Fitzgerald,/wiki/Ella_Fitzgerald,,"Newport News, Virginia",POINT (100.77522 18.776703),POINT (-76.514264 37.077755),soul,5V0MlUE1Bft0mbLlND7FJz
Ella Mai,/wiki/Ella_Mai,,London,POINT (100.77522 18.776703),POINT (-0.099076 51.509648),soul,7HkdQ0gt53LP4zmHsL0nap
Yvonne Fair,/wiki/Yvonne_Fair,,"Richmond, Virginia",POINT (100.77522 18.776703),POINT (-77.473927 37.519231),soul,4mGB0olhR5RpsEZWn0cqA8
Paloma Faith,/wiki/Paloma_Faith,,Stoke Newington,POINT (100.77522 18.776703),POINT (-0.076453 51.560389),soul,4fwuXg6XQHfdlOdmw36OHa
Fantasia,/wiki/Fantasia_Barrino,,"High Point, North Carolina",POINT (100.77522 18.776703),POINT (-80.003981 35.978608),soul,7xAcVHPiirnUqfdqo0USb1
Rebecca Ferguson,/wiki/Rebecca_Ferguson_(singer),,"Liverpool, Merseyside",POINT (100.77522 18.776703),POINT (-2.979375 53.410374),soul,0CrCKxXekxMpkYfMEf8mca
Melanie Fiona,/wiki/Melanie_Fiona,,"Toronto, Ontario",POINT (100.77522 18.776703),POINT (-79.38171 43.64877),soul,4O2YL4ygn6eTBC0w1hyWUM
Roberta Flack,/wiki/Roberta_Flack,,"Black Mountain, North Carolina",POINT (100.77522 18.776703),POINT (-82.321801 35.614745),soul,0W498bDDNlJIrYMKXdpLHA
The Floaters,/wiki/The_Floaters,"Detroit, Michigan",,POINT (-83.164558 42.398648),,soul,6GpuL6WNTOVhmMl6lZbiKS
Floetry,/wiki/Floetry,"London, England",,POINT (-0.099076 51.509648),,soul,0un6YenPxWZ2VW4aFGMupM
Eddie Floyd,/wiki/Eddie_Floyd,,"Montgomery, Alabama",POINT (100.77522 18.776703),POINT (-86.239651 32.359185),soul,6Bfy6QzadCXS92y0T8dDZF
King Floyd,/wiki/King_Floyd,,"New Orleans, Louisiana",POINT (100.77522 18.776703),POINT (-89.889852 30.056708),soul,03PCdNvkF81s7xHmtkNcoz
The Foundations,/wiki/The_Foundations,"London, England",,POINT (-0.099076 51.509648),,soul,4GITZM5LCR2KcdlgEOrNLD
The Four Tops,/wiki/The_Four_Tops,"Detroit, Michigan, U.S.",,POINT (-83.164558 42.398648),,soul,7fIvjotigTGWqjIz6EP1i4
Inez and Charlie Foxx,/wiki/Inez_and_Charlie_Foxx,"Greensboro, North Carolina, United States","Greensboro, North Carolina",POINT (-79.79198 36.07264),POINT (-79.79198 36.07264),soul,6OlCESvM7vIkFZ6mv6iitB
Aretha Franklin,/wiki/Aretha_Franklin,"Detroit, Michigan, U.S.","Memphis, Tennessee",POINT (-83.164558 42.398648),POINT (-89.954644 35.112125),soul,7nwUJBm0HE4ZxD3f5cy5ok
Carolyn Franklin,/wiki/Carolyn_Franklin,,"Memphis, Tennessee",POINT (100.77522 18.776703),POINT (-89.954644 35.112125),soul,6x5lOOu0t6IzUJkc69Hvat
Erma Franklin,/wiki/Erma_Franklin,,"Shelby, Mississippi",POINT (100.77522 18.776703),POINT (-90.765116 33.950282),soul,1CzJJJb6hnx84VNhgaJmFG
The Funk Brothers,/wiki/The_Funk_Brothers,"Detroit, Michigan, United States",,POINT (-83.164558 42.398648),,soul,6R2mI9O7lWJxf5wvAmaRZy
Giveon,/wiki/Giveon,,"Long Beach, California",POINT (100.77522 18.776703),POINT (-118.121307 33.797395),soul,4fxd5Ee7UefO4CUXgwJ7IP
Gem Tang,/wiki/G.E.M._(singer),Hong Kong,[1],POINT (114.135572 22.381131),POINT (87.18018 27.23006),soul,5iNIR8ZJf7CqrQYfTccNpd
Johnny Gill,/wiki/Johnny_Gill,,"Washington, D.C.",POINT (100.77522 18.776703),POINT (-77.01712 38.82652),soul,7oHzn7edwmrYClrPRINkbn
Candice Glover,/wiki/Candice_Glover,"St. Helena Island, South Carolina","Beaufort, South Carolina",POINT (-80.627523 33.702857),POINT (-65.969759 18.399299),soul,1rHf7vRCsDRBkbA1XGT9e1
Gnarls Barkley,/wiki/Gnarls_Barkley,"Atlanta, Georgia, U.S.",,POINT (-84.414581 33.769805),,soul,5SbkVQYYzlw1kte75QIabH
James Govan,/wiki/James_Govan,,"McComb, Mississippi, U.S.",POINT (100.77522 18.776703),POINT (-90.463906 31.243547),soul,6rpAuvPKetfHhkR0wQgVgV
Ariana Grande,/wiki/Ariana_Grande,,"Boca Raton, Florida",POINT (100.77522 18.776703),POINT (-80.104975 26.375019),soul,66CXWjxzNUsdJxJ2JdwvnR
Dobie Gray,/wiki/Dobie_Gray,,"Simonton, Texas",POINT (100.77522 18.776703),POINT (-95.999272 29.682505),soul,3mC1KCuZZSOlN8Z0M56VsV
Macy Gray,/wiki/Macy_Gray,,"Canton, Ohio",POINT (100.77522 18.776703),POINT (-81.375052 40.803604),soul,4ylR3zwA0zaapAu94fktwa
Al Green,/wiki/Al_Green,,"Forrest City, Arkansas",POINT (100.77522 18.776703),POINT (-90.783394 35.00918),soul,3dkbV4qihUeMsqN4vBGg93
CeeLo Green,/wiki/CeeLo_Green,,Atlanta,POINT (100.77522 18.776703),POINT (-84.414581 33.769805),soul,5nLYd9ST4Cnwy6NHaCxbj8
Skylar Grey,/wiki/Skylar_Grey,,"Mazomanie, Wisconsin",POINT (100.77522 18.776703),POINT (-89.77221 43.208577),soul,4utLUGcTvOJFr6aqIJtYWV
Christina Grimmie,/wiki/Christina_Grimmie,,"Marlton, New Jersey",POINT (100.77522 18.776703),POINT (-74.932655 39.905109),soul,0Cav8jyZKAHMFbAusOmjku
Guy,/wiki/Guy_(band),"New York City, U.S.",,POINT (-73.9708 40.68295),,soul,2IBPIcSkvQZyoaVfoyZKE8
Gwen Guthrie,/wiki/Gwen_Guthrie,,"Newark, New Jersey",POINT (100.77522 18.776703),POINT (-74.185148 40.718619),soul,77HthcNFa6SbicRaQKdhyy
Lynden David Hall,/wiki/Lynden_David_Hall,,"Wandsworth, South London",POINT (100.77522 18.776703),POINT (-0.19089 51.45719),soul,3fLIciFr0hJk9Mh0K6RLgQ
Anthony Hamilton,/wiki/Anthony_Hamilton_(musician),,"Charlotte, North Carolina",POINT (100.77522 18.776703),POINT (-80.81711 35.19534),soul,2DzRMyWgjuMbYvt5BLbpCo
Betty Harris,/wiki/Betty_Harris,,"Orlando, Florida",POINT (100.77522 18.776703),POINT (-81.293691 28.41959),soul,5uwRBFpU9SQ9s2Us0nlXkk
Wynonie Harris,/wiki/Wynonie_Harris,,"Omaha, Nebraska",POINT (100.77522 18.776703),POINT (-95.989632 41.261377),soul,4Imc3wiT22cuynvQNpXcVn
Kree Harrison,/wiki/Kree_Harrison,,"Port Arthur, Texas",POINT (100.77522 18.776703),POINT (-93.89954 29.682232),soul,69EZtIpAexeay0SwCf5EKY
Donny Hathaway,/wiki/Donny_Hathaway,"St. Louis, Missouri, U.S.","Chicago, Illinois",POINT (-90.244086 38.633024),POINT (-87.66063 41.87897),soul,0HU0U9kdXEHZVxUNbuQe8S
Isaac Hayes,/wiki/Isaac_Hayes,,"Covington, Tennessee",POINT (100.77522 18.776703),POINT (-89.650995 35.566397),soul,3IKV7o6WPphDB7cCWXaG3E
Heather Headley,/wiki/Heather_Headley,,Barataria,POINT (100.77522 18.776703),POINT (-61.45996 10.64717),soul,2xDc4cU0Rj6YG8SrmAHIy0
Bobby Hebb,/wiki/Bobby_Hebb,,"Nashville, Tennessee",POINT (100.77522 18.776703),POINT (-86.834683 36.236907),soul,2uNpV18izVIP7DNusoWbT5
Taylor Hicks,/wiki/Taylor_Hicks,,"[1], Birmingham, Alabama, [1]",POINT (100.77522 18.776703),POINT (87.18018 27.23006),soul,3E3tW69eMfAffLGgsmP3GG
Lauryn Hill,/wiki/Lauryn_Hill,,"East Orange, New Jersey",POINT (100.77522 18.776703),POINT (-74.20724 40.765519),soul,2Mu5NfyYm8n5iTomuKAEHl
Brenda Holloway,/wiki/Brenda_Holloway,"Watts, Los Angeles, California, U.S.","Atascadero, California",POINT (-118.244336 33.939022),POINT (-120.690928 35.4872),soul,3nXMZsj1H0F7h9SDUeYNjg
Thelma Houston,/wiki/Thelma_Houston,,"Leland, Mississippi",POINT (100.77522 18.776703),POINT (-90.896122 33.405786),soul,3sgUnR8TF35euWEV07RPyO
Whitney Houston,/wiki/Whitney_Houston,,"Newark, New Jersey",POINT (100.77522 18.776703),POINT (-74.185148 40.718619),soul,6XpaIBNiVzIetEPCWDvAFP
Jennifer Hudson,/wiki/Jennifer_Hudson,,"Chicago, Illinois",POINT (100.77522 18.776703),POINT (-87.66063 41.87897),soul,35GL8Cu2GKTcHzKGi75xl5
Jimmy Hughes,/wiki/Jimmy_Hughes_(singer),,"Temecula, California, United States",POINT (100.77522 18.776703),POINT (-117.124007 33.50315),soul,0Ac3Vb2xO8UGlSHlll7RFE
Tommy Hunt,/wiki/Tommy_Hunt,,"Pittsburgh, Pennsylvania",POINT (100.77522 18.776703),POINT (-79.936309 40.450508),soul,3w6zNa4W2GRH27JNb3xK1X
Willie Hutch,/wiki/Willie_Hutch,"Dallas, Texas, U.S.",Los Angeles,POINT (-96.784359 32.736212),POINT (-118.25703 34.05513),soul,5w834ZosnqiBBV8xXCi3oD
Phyllis Hyman,/wiki/Phyllis_Hyman,,"Philadelphia, [1], [2]",POINT (100.77522 18.776703),POINT (-76.511599 39.323085),soul,3oqSDVaf6RoBGreqOlgUpv
Hands Like Houses,/wiki/Hands_Like_Houses,"Canberra, Australian Capital Territory, Australia",,POINT (149.129269 -35.280901),,soul,0u3d5PM2FuEuG5QuUdt8mT
Billie Holiday,/wiki/Billie_Holiday,,"Philadelphia, Pennsylvania",POINT (100.77522 18.776703),POINT (-75.168428 39.990821),soul,1YzCsTRb22dQkh9lghPIrp
Hozier,/wiki/Hozier,,"Newcastle, County Wicklow",POINT (100.77522 18.776703),POINT (-6.061723 53.070085),soul,2FXC3k01G6Gw61bmprjgqS
Ivory Joe Hunter,/wiki/Ivory_Joe_Hunter,,"Kirbyville, Texas",POINT (100.77522 18.776703),POINT (-93.896955 30.658906),soul,3DpdJvcq90sWYUx35Tcbea
The Impressions,/wiki/The_Impressions_(American_band),"Chattanooga, Tennessee, United States",,POINT (-85.234979 35.091981),,soul,1b1N51wmSK0ckxFAMPSSHO
Luther Ingram,/wiki/Luther_Ingram,,"Jackson, Tennessee",POINT (100.77522 18.776703),POINT (-88.836381 35.65243),soul,5Pek6HAr0BoHD9P1RuA7d5
The Ink Spots,/wiki/The_Ink_Spots,"Indianapolis, Indiana, United States",,POINT (-86.143448 39.785871),,soul,5bOsFzuJ6QZMr86ezC4oXY
The Isley Brothers,/wiki/The_Isley_Brothers,"Lincoln Heights, Ohio, U.S.",,POINT (-84.456134 39.244137),,soul,53QzNeFpzAaXYnrDBbDrIp
The Main Ingredient,/wiki/The_Main_Ingredient_(band),"Harlem, New York, U.S.",,POINT (-73.941371 40.809139),,soul,6vuD08WKtmp1yc7kQx1rBm
Jacquees,/wiki/Jacquees,,"Decatur, Georgia",POINT (100.77522 18.776703),POINT (-84.29873 33.771013),soul,4tMm1dU6Gn04VAZ9ClHcIZ
The Jackson 5,/wiki/The_Jackson_5,"Gary, Indiana, U.S.",,POINT (-87.346784 41.589885),,soul,2iE18Oxc8YSumAU232n4rW
"Al Jackson, Jr.","/wiki/Al_Jackson,_Jr.",,"Memphis, Tennessee",POINT (100.77522 18.776703),POINT (-89.954644 35.112125),soul,0pT3xQIs5s1rD6o47WJq95
Chuck Jackson,/wiki/Chuck_Jackson,,"Winston-Salem, North Carolina",POINT (100.77522 18.776703),POINT (-80.260878 36.105975),soul,64wglyu5BoOzwMXYjtAbfS
Freddie Jackson,/wiki/Freddie_Jackson,"New York City, New York, United States","[1], [2], Harlem, New York, [1], [2]",POINT (-73.9708 40.68295),POINT (-106.63821 28.95057),soul,2yaixhgm3yXxjhJAH8SZy3
George Jackson,/wiki/George_Jackson_(songwriter),,"Indianola, Mississippi",POINT (100.77522 18.776703),POINT (-90.65509 33.45095),soul,5PmB2ZWfKuqLb60qZdi4ys
Janet Jackson,/wiki/Janet_Jackson,,"Gary, Indiana",POINT (100.77522 18.776703),POINT (-87.346784 41.589885),soul,4qwGe91Bz9K2T8jXTZ815W
Jermaine Jackson,/wiki/Jermaine_Jackson,,"Gary, Indiana",POINT (100.77522 18.776703),POINT (-87.346784 41.589885),soul,1VDurPMbOKrNU8mcMP4X1P
J.J. Jackson,/wiki/J.J._Jackson_(singer),[1],"Bronx, New York",POINT (87.18018 27.23006),POINT (-73.874979 40.853551),soul,6FBBmwVjTdJ54I7j4BNkF5
Mahalia Jackson,/wiki/Mahalia_Jackson,,New Orleans,POINT (100.77522 18.776703),POINT (-89.889852 30.056708),soul,6QBUIuGCAJSAtefEY1EEdB
Michael Jackson,/wiki/Michael_Jackson,,"Gary, Indiana",POINT (100.77522 18.776703),POINT (-87.346784 41.589885),soul,3fMbdgg4jU18AjLCKBhRSm
Millie Jackson,/wiki/Millie_Jackson,,"[2], [3], Thomson, Georgia",POINT (100.77522 18.776703),POINT (44.799253 41.721669),soul,27XI002zivG9xuzrZ9dIb1
Jacksoul,/wiki/Jacksoul,"Toronto, Ontario, Canada",,POINT (-79.38171 43.64877),,soul,6MYVdDV8HlnABcYorJqwa0
The Jaggerz,/wiki/The_Jaggerz,"Pittsburgh, Pennsylvania, United States",,POINT (-79.936309 40.450508),,soul,05aFikcWbrmnDKsCHaH0Ce
Etta James,/wiki/Etta_James,,"Los Angeles, California",POINT (100.77522 18.776703),POINT (-118.25703 34.05513),soul,0iOVhN3tnSvgDbcg25JoJb
Leela James,/wiki/Leela_James,,"Los Angeles, California",POINT (100.77522 18.776703),POINT (-118.25703 34.05513),soul,5sennRot4Ls82wfspEQuf2
Rick James,/wiki/Rick_James,,"Buffalo, New York",POINT (100.77522 18.776703),POINT (-78.852918 42.890831),soul,0FrpdcVlJQqibaz5HfBUrL
Miles Jaye,/wiki/Miles_Jaye,"Brooklyn, New York City, New York, United States","Yonkers, New York",POINT (-73.956582 40.652256),POINT (-73.871717 40.944842),soul,7EdtzGPA7VaIbeMr4Po8zb
The JB's,/wiki/The_JB%27s,"Cincinnati, Ohio, United States",,POINT (-84.544084 39.147604),,soul,4lJHGi5dlJmWwFH0JKF6di
Jessica Sanchez,/wiki/Jessica_Sanchez,"San Diego, California, U.S.","Chula Vista, California",POINT (-117.15529 32.72793),POINT (-116.971992 32.629195),soul,3xBbmWwDPhEaGcwWgBarkI
Joshua Ledet,/wiki/Joshua_Ledet,,"Westlake, Louisiana",POINT (100.77522 18.776703),POINT (-93.15017 31.75822),soul,6aOLc2s5ULYBhMvUXBDuAr
Jessie Ware,/wiki/Jessie_Ware,,London,POINT (100.77522 18.776703),POINT (-0.099076 51.509648),soul,5Mq7iqCWBzofK39FBqblNc
Jodeci,/wiki/Jodeci,"Charlotte, North Carolina, U.S.",,POINT (-80.81711 35.19534),,soul,1eNkUXHPaXyuyC8NAgzykK
JoJo,/wiki/JoJo_(singer),,"Brattleboro, Vermont",POINT (100.77522 18.776703),POINT (-72.567452 42.854364),soul,3Iq6waFNaQnjLjEjp2l3nc
Joe,/wiki/Joe_(singer),"Opelika, Alabama, U.S.","[1], Columbus, Georgia",POINT (-85.38661 32.647748),POINT (-83.016422 40.002327),soul,2P5sC9cVZDToPxyomzF1UH
Little Willie John,/wiki/Little_Willie_John,"Detroit, Michigan, U.S.","Cullendale, Arkansas",POINT (-83.164558 42.398648),POINT (-92.826233 33.534527),soul,3mOiEPe870jJrahcf2TPYZ
L.V. Johnson,/wiki/L.V._Johnson,,"Chicago, Illinois",POINT (100.77522 18.776703),POINT (-87.66063 41.87897),soul,7tx5tggyC846RPfRONzgr1
Lou Johnson,/wiki/Lou_Johnson_(singer),,"Brooklyn, New York, United States",POINT (100.77522 18.776703),POINT (-73.956582 40.652256),soul,2nrn5Hfpxg0SfuVLbnHwoL
Mable John,/wiki/Mable_John,,"Bastrop, Louisiana",POINT (100.77522 18.776703),POINT (-91.91261 32.776385),soul,2WKCi6dbtPIPiUzqSJWKRn
Nick Jonas,/wiki/Nick_Jonas,,"Dallas, Texas",POINT (100.77522 18.776703),POINT (-96.784359 32.736212),soul,4Rxn7Im3LGfyRkY2FlHhWi
Ruby Johnson,/wiki/Ruby_Johnson,,"Elizabeth City, North Carolina",POINT (100.77522 18.776703),POINT (-76.223241 36.294457),soul,3Ci7S0VYHH1UG5zJanPBU2
Syl Johnson,/wiki/Syl_Johnson,,"Holly Springs, Mississippi",POINT (100.77522 18.776703),POINT (-89.97786 31.31573),soul,6XItHNeKXecnFpkJHOn5JL
Syleena Johnson,/wiki/Syleena_Johnson,"Chicago, Illinois, U.S.","Harvey, Illinois",POINT (-87.66063 41.87897),POINT (-87.651521 41.611993),soul,1lE6SEy8f84Zhjvp7r8yTD
Tom Jones,/wiki/Tom_Jones_(singer),,Treforest,POINT (100.77522 18.776703),POINT (-3.32474 51.59353),soul,1T0wRBO0CK0vK8ouUMqEl5
Booker T. Jones,/wiki/Booker_T._Jones,,"Memphis, Tennessee",POINT (100.77522 18.776703),POINT (-89.954644 35.112125),soul,6J3pUmw6KX1LqyLQkP0k9U
Gloria Jones,/wiki/Gloria_Jones,"Los Angeles, California, U.S.","Cincinnati, Ohio",POINT (-118.25703 34.05513),POINT (-84.544084 39.147604),soul,08BQmH2M3Ew9XjMHaHsl1l
Linda Jones,/wiki/Linda_Jones,,"Newark, New Jersey",POINT (100.77522 18.776703),POINT (-74.185148 40.718619),soul,7erYZsfekXYGWvup1bnkUZ
Sharon Jones,/wiki/Sharon_Jones_(singer),"New York City, U.S.","Augusta, Georgia",POINT (-73.9708 40.68295),POINT (-81.984981 33.460812),soul,6LufpoVlIYKQCu9Gjpk8B7
Louis Jordan,/wiki/Louis_Jordan,,Brinkley,POINT (100.77522 18.776703),POINT (139.22213 -35.23001),soul,2nRbxpnBMMbtMBWH5QdqH2
JP Cooper,/wiki/JP_Cooper,,"Middleton, Greater Manchester",POINT (100.77522 18.776703),POINT (-2.2 53.55),soul,4kYGAK2zu9EAomwj3hXkXy
Eddie Kendricks,/wiki/Eddie_Kendricks,"Ensley, Alabama, U.S.","Union Springs, Alabama",POINT (-86.8861 33.50955),POINT (-85.714695 32.139871),soul,2Uuon75BhnuuxdKLYn4wHn
Kiana Ledé,/wiki/Kiana_Led%C3%A9,,"Phoenix, Arizona",POINT (100.77522 18.776703),POINT (-112.070892 33.60503),soul,7jZMxhsB8djyIbYmoiJSTs
Kehlani,/wiki/Kehlani,,"Oakland, California",POINT (100.77522 18.776703),POINT (-122.197811 37.785199),soul,0cGUm45nv7Z6M6qdXYQGTX
Khalid,/wiki/Khalid_(singer),"El Paso, Texas, U.S.","Fort Stewart, Georgia",POINT (-106.488793 31.818409),POINT (-81.51761 31.86271),soul,6LuN9FCkKOj5PcnpouEgny
Chaka Khan,/wiki/Chaka_Khan,,"Chicago, Illinois",POINT (100.77522 18.776703),POINT (-87.66063 41.87897),soul,6mQfAAqZGBzIfrmlZCeaYT
Kindred the Family Soul,/wiki/Kindred_the_Family_Soul,"Philadelphia, Pennsylvania, United States",,POINT (-75.168428 39.990821),,soul,3RDl7kNfhB72Ojsc2qiyfy
Theola Kilgore,/wiki/Theola_Kilgore,"Oakland, California, U.S.",Shreveport,POINT (-122.197811 37.785199),POINT (-93.764207 32.467848),soul,4jm8xhmqyCBVgQxDhfgxmt
Ben E. King,/wiki/Ben_E._King,"Harlem, New York, U.S.","Henderson, North Carolina",POINT (-73.941371 40.809139),POINT (-78.418699 36.329077),soul,3plJVWt88EqjvtuB4ZDRV3
Carole King,/wiki/Carole_King,,[1],POINT (100.77522 18.776703),POINT (87.18018 27.23006),soul,319yZVtYM9MBGqmSQnMyY6
King Curtis,/wiki/King_Curtis,,"Fort Worth, Texas",POINT (100.77522 18.776703),POINT (-97.33181 32.729442),soul,0WxOgeRxUt0MwPrI7A5atQ
Michael Kiwanuka,/wiki/Michael_Kiwanuka,,Muswell Hill,POINT (100.77522 18.776703),POINT (-0.140587 51.592348),soul,0bzfPKdbXL5ezYW2z3UGQj
Beverley Knight,/wiki/Beverley_Knight,,Wolverhampton,POINT (100.77522 18.776703),POINT (-2.125093 52.586814),soul,30AzZL0valZQ62OIQiFWvk
Frederick Knight,/wiki/Frederick_Knight_(singer),,"Birmingham, Alabama",POINT (100.77522 18.776703),POINT (-86.800929 33.530651),soul,3X7yeRPAqw2O76f84A2r9U
Gladys Knight & the Pips,/wiki/Gladys_Knight_%26_the_Pips,"Atlanta, Georgia, U.S.",,POINT (-84.414581 33.769805),,soul,0TF2NxkJZPQoX1H53rEFM1
Jean Knight,/wiki/Jean_Knight,,"New Orleans, Louisiana",POINT (100.77522 18.776703),POINT (-89.889852 30.056708),soul,2Tk0pWxTuQgnE5nsUexrLr
Lenny Kravitz,/wiki/Lenny_Kravitz,,"[1], New York City",POINT (100.77522 18.776703),POINT (-73.9708 40.68295),soul,5gznATMVO85ZcLTkE9ULU7
Lucky Daye,/wiki/Lucky_Daye,,New Orleans,POINT (100.77522 18.776703),POINT (-89.889852 30.056708),soul,5Vuvs6Py2JRU7WiFDVsI7J
Lee Fields,/wiki/Lee_Fields,"Plainfield, New Jersey, United States","Wilson, North Carolina",POINT (-74.411727 40.613736),POINT (-77.925115 35.730745),soul,3MAzDpqE01xyUmzNsc0Ee0
Labelle,/wiki/Labelle,"Philadelphia, Pennsylvania, U.S.",,POINT (-75.168428 39.990821),,soul,3DznKagEU8yMQZR9z33Da5
Patti LaBelle,/wiki/Patti_LaBelle,,"Philadelphia, Pennsylvania",POINT (100.77522 18.776703),POINT (-75.168428 39.990821),soul,0ty0xha1dbprYIUAQufkFn
Steve Lacy,/wiki/Steve_Lacy_(guitarist),,"Compton, California",POINT (100.77522 18.776703),POINT (-118.225034 33.890464),soul,57vWImR43h4CaDao012Ofp
Major Lance,/wiki/Major_Lance,,"Winterville, Mississippi, [1]",POINT (100.77522 18.776703),POINT (-77.3991 35.527848),soul,7onp6ew3LGoQImTt1I78gt
Amel Larrieux,/wiki/Amel_Larrieux,,New York City,POINT (100.77522 18.776703),POINT (-73.9708 40.68295),soul,4hVcxmC7igpot32EzQf7IR
Denise LaSalle,/wiki/Denise_LaSalle,,"[1], [2], [3], Leflore County, Mississippi, [1]",POINT (100.77522 18.776703),POINT (5.378211 43.293921),soul,0GVO1kqJHVxOarPgex9K15
Latimore,/wiki/Latimore_(musician),,Charleston,POINT (100.77522 18.776703),POINT (-79.948209 32.795293),soul,0nVQLK3LSM9SFP5xp64D7a
Bettye LaVette,/wiki/Bettye_LaVette,,Muskegon,POINT (100.77522 18.776703),POINT (-86.234576 43.233709),soul,55U998XxmxjicLMKDSz6R3
Ledisi,/wiki/Ledisi,,"New Orleans, Louisiana",POINT (100.77522 18.776703),POINT (-89.889852 30.056708),soul,60ciIY5MouLc2Y9n34DJdA
Amos Lee,/wiki/Amos_Lee,"Philadelphia, Pennsylvania, U.S.",,POINT (-75.168428 39.990821),,soul,0QrowybipCKUDnq5y10PD2
Laura Lee,/wiki/Laura_Lee_(singer-songwriter),,"Chicago, Illinois",POINT (100.77522 18.776703),POINT (-87.66063 41.87897),soul,0ApoVi8QEh35twomSXh9TX
John Legend,/wiki/John_Legend,,"Springfield, Ohio",POINT (100.77522 18.776703),POINT (-83.794635 39.930483),soul,5y2Xq6xcjJb2jVM54GHK3t
Ravyn Lenae,/wiki/Ravyn_Lenae,,"Chicago, Illinois",POINT (100.77522 18.776703),POINT (-87.66063 41.87897),soul,5RTLRtXjbXI2lSXc6jxlAz
Ari Lennox,/wiki/Ari_Lennox,,"Washington, D.C.",POINT (100.77522 18.776703),POINT (-77.01712 38.82652),soul,1vaQ6v3pOFxAIrFoPrAcom
Lemar,/wiki/Lemar,,"Tottenham, North London",POINT (100.77522 18.776703),POINT (-0.099076 51.509648),soul,7uztWv5UVx4hwcJXCtRyDV
Barbara Lewis,/wiki/Barbara_Lewis,,"Salem, Michigan",POINT (100.77522 18.776703),POINT (-83.606439 42.390489),soul,2UocIcNiHj5n4tj1CnBzRq
Leona Lewis,/wiki/Leona_Lewis,,Islington,POINT (100.77522 18.776703),POINT (-0.101269 51.539064),soul,5lKZWd6HiSCLfnDGrq9RAm
Ramsey Lewis,/wiki/Ramsey_Lewis,,"Chicago, Illinois",POINT (100.77522 18.776703),POINT (-87.66063 41.87897),soul,7Kfrmups2Z3ncDQmNS5jRc
Little Anthony and the Imperials,/wiki/Little_Anthony_and_the_Imperials,"Brooklyn, New York City, United States",,POINT (-73.956582 40.652256),,soul,3PF1KBeHYb14yKgsiE693V
Little Milton,/wiki/Little_Milton,,"Inverness, Mississippi",POINT (100.77522 18.776703),POINT (-90.590307 33.352188),soul,0MPtuQaV2GiRdLjAkPOaan
Little Richard,/wiki/Little_Richard,,"Macon, Georgia",POINT (100.77522 18.776703),POINT (-83.650961 32.820697),soul,4xls23Ye9WR9yy3yYMpAMm
Mary Love,/wiki/Mary_Love,,Sacramento,POINT (100.77522 18.776703),POINT (-57.708725 -34.191051),soul,7jgQOElLx7PDCxydTpJmMN
Barbara Lynn,/wiki/Barbara_Lynn,,"Beaumont, Texas",POINT (100.77522 18.776703),POINT (-94.145006 30.084818),soul,2wQyX5625x6IGls8zLLHMB
Cheryl Lynn,/wiki/Cheryl_Lynn,,"Los Angeles, California, [1]",POINT (100.77522 18.776703),POINT (-118.25703 34.05513),soul,6UfoTQXaV3DuqtDVjZIxwZ
Maysa Leak,/wiki/Maysa_Leak,,"Baltimore, Maryland",POINT (100.77522 18.776703),POINT (-76.649533 39.319732),soul,4QIu9vST3na1rtUfG31mzT
Veronica Maggio,/wiki/Veronica_Maggio,,Uppsala,POINT (100.77522 18.776703),POINT (17.632732 59.85131),soul,2OIWxN9xUhgUHkeUCWCaNs
Maher Zain,/wiki/Maher_Zain,Sweden,"Tripoli, Lebanon",POINT (19.017205 65.859144),POINT (35.838332 34.435643),soul,6PUZZX4GCzeFS0GaDWxVwz
Sananda Maitreya,/wiki/Sananda_Maitreya,"London, England[1]",Manhattan,POINT (-0.099076 51.509648),POINT (-73.967596 40.777048),soul,6RGxLsQUoGk5PLyMVwb3yE
Teena Marie,/wiki/Teena_Marie,,"Santa Monica, California",POINT (100.77522 18.776703),POINT (-118.479052 34.021711),soul,61UT1Zj9dFgPAjZfwnsqsb
Bruno Mars,/wiki/Bruno_Mars,,Honolulu,POINT (100.77522 18.776703),POINT (-157.789396 21.40572),soul,0du5cEVh5yTK9QJze8zA0C
Miguel,/wiki/Miguel_(singer),,"Los Angeles, California, [1]",POINT (100.77522 18.776703),POINT (-118.25703 34.05513),soul,360IAlyVv4PCEVjgyMZrxK
Kristi Martel,/wiki/Kristi_Martel,"Melrose, Massachusetts, United States",,POINT (-71.061312 42.456855),,soul,1BjfF7hPReNbO2vsI5Zeso
Martha & the Vandellas,/wiki/Martha_%26_the_Vandellas,"Detroit, Michigan, United States",,POINT (-83.164558 42.398648),,soul,1Pe5hlKMCTULjosqZ6KanP
The Marvelettes,/wiki/The_Marvelettes,"Inkster, Michigan, U.S.",,POINT (-83.314827 42.293488),,soul,0MponVSpW81oLvJZ53vYZH
Johnny Mathis,/wiki/Johnny_Mathis,"San Francisco, California, U.S","Gilmer, Texas",POINT (-122.431272 37.778008),POINT (-94.948404 32.731645),soul,21LGsW7bziR4Ledx7WZ1Wf
Jessica Mauboy,/wiki/Jessica_Mauboy,,"Darwin, Northern Territory",POINT (100.77522 18.776703),POINT (130.842984 -12.460477),soul,6rHWAH6F4mr2AViSxMV673
John Mayer,/wiki/John_Mayer,,"Bridgeport, Connecticut",POINT (100.77522 18.776703),POINT (-73.187333 41.188221),soul,0hEurMDQu99nJRq8pTxO14
Maxwell,/wiki/Maxwell_(musician),,"Brooklyn, New York",POINT (100.77522 18.776703),POINT (-73.956582 40.652256),soul,2AOt5htsbtyaHd5Eq3kl3j
Mýa,/wiki/M%C3%BDa,,"Washington, D.C.",POINT (100.77522 18.776703),POINT (-77.01712 38.82652),soul,6lHL3ubAMgSasKjNqKb8HF
Toussaint McCall,/wiki/Toussaint_McCall,,"Delhi, Louisiana",POINT (100.77522 18.776703),POINT (-91.48877 32.453317),soul,421kKwxa5GC9nLddFuqtNL
George McCrae,/wiki/George_McCrae,,"West Palm Beach, Florida",POINT (100.77522 18.776703),POINT (-80.161387 26.752516),soul,6oV3BNm1Gj2GGgpYknc5TN
Gwen McCrae,/wiki/Gwen_McCrae,,"Pensacola, Florida, [1], [2]",POINT (100.77522 18.776703),POINT (-87.176514 30.439959),soul,742YR9ZgF0tCO5juBfvPAU
Michael McDonald,/wiki/Michael_McDonald_(singer),,"St. Louis, Missouri",POINT (100.77522 18.776703),POINT (-90.244086 38.633024),soul,24hJWbo98sH84tb0nkeaqy
Kevin McHale,/wiki/Kevin_McHale_(actor),,"Plano, Texas",POINT (100.77522 18.776703),POINT (-96.757092 33.047269),soul,3B7QnGvog2Lwsqcnk3jNlt
Clyde McPhatter,/wiki/Clyde_McPhatter,,"Durham, North Carolina",POINT (100.77522 18.776703),POINT (-78.915629 35.975835),soul,4WL6MC4jDW7w7K9hfc4MVS
Mel and Tim,/wiki/Mel_and_Tim,United States,,POINT (-96.999246 39.71614),,soul,5RJYcOkDKv0dBxCEYPOivb
Harold Melvin & the Blue Notes,/wiki/Harold_Melvin_%26_the_Blue_Notes,"Philadelphia, Pennsylvania, U.S.",,POINT (-75.168428 39.990821),,soul,438JBZR1AR0l04AzcYW9gy
The Memphis Horns,/wiki/The_Memphis_Horns,United States,,POINT (-96.999246 39.71614),,soul,6RYb06UBkiv8IWByqRhEDd
The Meters,/wiki/The_Meters,"New Orleans, Louisiana, U.S.",,POINT (-89.889852 30.056708),,soul,2JRvXPGWiINrnJljNJhG5s
Chrisette Michele,/wiki/Chrisette_Michele,"Patchogue, New York City, U.S.","Central Islip, New York",POINT (-73.9708 40.68295),POINT (-73.197655 40.784815),soul,3YJMzGjAm245zwJooY7PEj
Angie Miller,/wiki/Angie_Miller_(American_singer),,"Beverly, Massachusetts, US",POINT (100.77522 18.776703),POINT (-70.849633 42.56478),soul,6PvtUf5KPILflzh5gn6V98
Stephanie Mills,/wiki/Stephanie_Mills,,"[1], Bedford–Stuyvesant, Brooklyn",POINT (100.77522 18.776703),,soul,0PcIlEZa7rreM7729ot05g
Garnet Mimms,/wiki/Garnet_Mimms,,"Ashland, West Virginia",POINT (100.77522 18.776703),POINT (-81.3526 37.40845),soul,1ktvF9yU9iWgY0aGlKfTS4
The Miracles,/wiki/The_Miracles,"Detroit, Michigan, United States",,POINT (-83.164558 42.398648),,soul,6TqQLejnHXMGr7KcegxUND
Mahalia,/wiki/Mahalia_(singer),"Leicester, United Kingdom",,POINT (-1.134219 52.631453),,soul,16rCzZOMQX7P8Kmn5YKexI
Jackie Mittoo,/wiki/Jackie_Mittoo,"Brown's Town, Saint Ann Parish, Jamaica",,POINT (-77.36684 18.39247),,soul,6UTUjmko5raD927Hbx960a
Janelle Monáe,/wiki/Janelle_Mon%C3%A1e,,"Kansas City, Kansas",POINT (100.77522 18.776703),POINT (-94.630146 39.113581),soul,6ueGR6SWhUJfvEhqkvMsVs
Monica,/wiki/Monica_(entertainer),,"College Park, Georgia",POINT (100.77522 18.776703),POINT (-84.459095 33.639297),soul,6nzxy2wXs6tLgzEtqOkEi2
Dorothy Moore,/wiki/Dorothy_Moore,,"Jackson, Mississippi",POINT (100.77522 18.776703),POINT (-90.229913 32.30835),soul,3KQOgtRIeQVHdYFcNHKavs
Jackie Moore,/wiki/Jackie_Moore_(singer),,"Jacksonville, Florida",POINT (100.77522 18.776703),POINT (-81.660992 30.369914),soul,1EialtL6J5R7O0exgdgQ1w
Teedra Moses,/wiki/Teedra_Moses,,"New Orleans, Louisiana",POINT (100.77522 18.776703),POINT (-89.889852 30.056708),soul,6vfR5QRc3xca0KvpG8KZBE
Musiq Soulchild,/wiki/Musiq_Soulchild,,"Philadelphia, Pennsylvania",POINT (100.77522 18.776703),POINT (-75.168428 39.990821),soul,3UVRliakQfa1pMWIsNuiZ8
Muscle Shoals Rhythm Section,/wiki/Muscle_Shoals_Rhythm_Section,"Muscle Shoals, Alabama, U.S.",,POINT (-87.637902 34.740716),,soul,5D0dUBrdpSseOcpaaA8zrX
Michael Bublé,/wiki/Michael_Bubl%C3%A9,,"Burnaby, British Columbia",POINT (100.77522 18.776703),POINT (-122.966319 49.248223),soul,1GxkXlMwML1oSg5eLPiAz3
Xavier Naidoo,/wiki/Xavier_Naidoo,,"Mannheim, West Germany",POINT (100.77522 18.776703),POINT (8.492765 49.488789),soul,47RPLpnGhBRTjQrRBOev9s
Aaron Neville,/wiki/Aaron_Neville,"New Orleans, Louisiana, U.S.",,POINT (-89.889852 30.056708),,soul,57ALvbCBaCkNlgTOSiUPdT
The Neville Brothers,/wiki/The_Neville_Brothers,"New Orleans, Louisiana, U.S.",,POINT (-89.889852 30.056708),,soul,3d1olqhURDe8e5HOta1Qxg
John Newman,/wiki/John_Newman_(singer),,"Settle, North Yorkshire",POINT (100.77522 18.776703),POINT (-2.280682 54.070882),soul,34v5MVKeQnIo0CWYMbbrPf
Ne-Yo,/wiki/Ne-Yo,"Las Vegas, Nevada, U.S.","[1], Camden, Arkansas",POINT (-115.279104 36.190364),POINT (-75.115899 39.94139),soul,21E3waRsmPlU7jZsS13rcj
Nneka,/wiki/Nneka_(singer),"Warri, Nigeria",,POINT (5.751696 5.549106),,soul,0VX4MyYhvKRtU1AZUVGLUZ
Nick Jonas & the Administration,/wiki/Nick_Jonas_%26_the_Administration,"Los Angeles, California, U.S.",,POINT (-118.25703 34.05513),,soul,4Rxn7Im3LGfyRkY2FlHhWi
Nikolai Noskov,/wiki/Nikolai_Noskov,,"Gzhatsk, Russian SFSR, Soviet Union",POINT (100.77522 18.776703),POINT (28.183167 -26.005746),soul,1catHoYuCijE4ZVdTbDsdb
Nina (Soul Siren),/wiki/Nina_Girado,,"Pasay, Metro Manila",POINT (100.77522 18.776703),POINT (120.998905 14.545071),soul,7G1GBhoKtEPnP86X2PvEYO
Laura Nyro,/wiki/Laura_Nyro,,The Bronx,POINT (100.77522 18.776703),POINT (-73.874979 40.853551),soul,6QDWC6QeGhvCWCv3nUJwoV
The O'Jays,/wiki/The_O%27Jays,"Canton, Ohio, U.S.",,POINT (-81.375052 40.803604),,soul,38h03gA85YYPeDPd9ER9rT
Billy Ocean,/wiki/Billy_Ocean,"Romford, Essex, England","Fyzabad, Trinidad and Tobago",POINT (0.187486 51.57772),POINT (-61.54865 10.18438),soul,5IDs1CK15HegSAhGEbSYXo
Frank Ocean,/wiki/Frank_Ocean,"New Orleans, Louisiana, U.S.","Long Beach, California",POINT (-89.889852 30.056708),POINT (-118.121307 33.797395),soul,2h93pZq0e7k5yf4dywlkpM
The Ohio Players,/wiki/The_Ohio_Players,"Dayton, Ohio, United States",,POINT (-84.198938 39.760973),,soul,6m30rs1IQqnWqV5nKMpU7U
Ollie and the Nightingales,/wiki/The_Dixie_Nightingales,"Memphis, Tennessee, United States",,POINT (-89.954644 35.112125),,soul,3DdJHfaIJApxVnU9HRUV2X
Omawumi,/wiki/Omawumi,"Warri, Delta State","Delta State, [1]",POINT (5.751696 5.549106),POINT (5.771322 5.448632),soul,3Oi8FK1mJS7rHikNfZ7uPj
Billy Paul,/wiki/Billy_Paul,,"Philadelphia, Pennsylvania",POINT (100.77522 18.776703),POINT (-75.168428 39.990821),soul,187xgSpsFH8mMbAcoCW0zE
Paulini,/wiki/Paulini,,"[1], [2], [2], Suva, Fiji",POINT (100.77522 18.776703),POINT (113.570343 22.132942),soul,69lNua6PEluHihKfuIRPKc
Freda Payne,/wiki/Freda_Payne,,"Detroit, Michigan",POINT (100.77522 18.776703),POINT (-83.164558 42.398648),soul,0701Axu6yvUIoctaKMbDIZ
Peaches & Herb,/wiki/Peaches_%26_Herb,"Washington, D.C., U.S.",,POINT (-77.01712 38.82652),,soul,6qI4LTzMRpTxRzMZPvv2C6
Ann Peebles,/wiki/Ann_Peebles,,"St. Louis, Missouri",POINT (100.77522 18.776703),POINT (-90.244086 38.633024),soul,5dM7jA0PXh0Ozz8LT2YOCB
Teddy Pendergrass,/wiki/Teddy_Pendergrass,,"Kingstree, South Carolina",POINT (100.77522 18.776703),POINT (-79.826597 33.665573),soul,68kACMx6A3D2BYiO056MeQ
George Perkins,/wiki/George_Perkins_(singer), American,"Denham Springs, Louisiana",POINT (-170.75203 -14.328316),POINT (-90.960085 30.469044),soul,17zAw77Dt713oQ5T1uMg7k
The Persuaders,/wiki/The_Persuaders_(R%26B_group),New York City,,POINT (-73.9708 40.68295),,soul,6PhJqhvF42CZ42NUmxIKLB
Esther Phillips,/wiki/Esther_Phillips,,"Galveston, Texas",POINT (100.77522 18.776703),POINT (-94.81164 29.28592),soul,0WZ7IgzdjPvwFdjDjjuZm7
Wilson Pickett,/wiki/Wilson_Pickett,"Detroit, Michigan, U.S.","Prattville, Alabama",POINT (-83.164558 42.398648),POINT (-86.459946 32.461913),soul,0N5PyKJzS3M1XNlaCL7bbE
Plan B,/wiki/Plan_B_(British_musician),"London, United Kingdom",,POINT (-0.099076 51.509648),,soul,2jSGzJw0ebJLu7OLVSOcBP
The Pointer Sisters,/wiki/The_Pointer_Sisters,"Oakland, California, U.S.",,POINT (-122.197811 37.785199),,soul,2kreKea2n96dXjcyAU9j5N
The Platters,/wiki/The_Platters,"Los Angeles, California, U.S.",,POINT (-118.25703 34.05513),,soul,6KWcxMWVNVIYbdOQyJtsSy
Elvis Presley,/wiki/Elvis_Presley,,"[a], Tupelo, Mississippi",POINT (100.77522 18.776703),POINT (-88.71171 34.248152),soul,43ZHCT0cAZBISjO8DG9PnE
Billy Preston,/wiki/Billy_Preston,"Los Angeles, California, U.S.","[1], Houston",POINT (-118.25703 34.05513),POINT (145.130218 -37.844999),soul,0IecGJbdBeYSOVtSPRehh5
Kelly Price,/wiki/Kelly_Price,,New York City,POINT (100.77522 18.776703),POINT (-73.9708 40.68295),soul,49FeZO3eSrJs7oH7lYLU1r
Lloyd Price,/wiki/Lloyd_Price,,"Kenner, Louisiana",POINT (100.77522 18.776703),POINT (-90.25447 30.011436),soul,3iOE5ItEv5xr9fmKi7GNh2
Billy Price,/wiki/Billy_Price_(singer),,"Fair Lawn, New Jersey",POINT (100.77522 18.776703),POINT (-74.115284 40.936231),soul,509o7Fm0youPHjgcq5nCRI
Prince,/wiki/Prince_(musician),,Minneapolis,POINT (100.77522 18.776703),POINT (-93.266563 44.96313),soul,5a2EaR3hamoenG9rDuVn8j
PJ Morton,/wiki/PJ_Morton,,New Orleans,POINT (100.77522 18.776703),POINT (-89.889852 30.056708),soul,2FMOHE79X98yptp4RpPrt7
James & Bobby Purify,/wiki/James_%26_Bobby_Purify,USA,,POINT (-96.999246 39.71614),,soul,7GaxyUddsPok8BuhxN6OUW
Corinne Bailey Rae,/wiki/Corinne_Bailey_Rae,,Leeds,POINT (100.77522 18.776703),POINT (-1.544227 53.797563),soul,29WzbAQtDnBJF09es0uddn
Bonnie Raitt,/wiki/Bonnie_Raitt,,"Burbank, California",POINT (100.77522 18.776703),POINT (-118.322584 34.185797),soul,4KDyYWR7IpxZ7xrdYbKrqY
Jaya Ramsey,/wiki/Jaya_Ramsey,,Manila,POINT (100.77522 18.776703),POINT (120.992302 14.593819),soul,1SS414roSdAE4B7bUsr3Az
Lou Rawls,/wiki/Lou_Rawls,,"Chicago, Illinois",POINT (100.77522 18.776703),POINT (-87.66063 41.87897),soul,1zJBFCev9UwOMcrZsLi2od
Otis Redding,/wiki/Otis_Redding,,"Dawson, Georgia",POINT (100.77522 18.776703),POINT (-84.445251 31.773154),soul,60df5JBRRPcnSpsIMxxwQm
Della Reese,/wiki/Della_Reese,,"Detroit, Michigan",POINT (100.77522 18.776703),POINT (-83.164558 42.398648),soul,63qOOnxbI8rVgpakjpnFBp
Martha & The Vandellas,/wiki/Martha_%26_The_Vandellas,"Detroit, Michigan, United States",,POINT (-83.164558 42.398648),,soul,1Pe5hlKMCTULjosqZ6KanP
Haley Reinhart,/wiki/Haley_Reinhart,,"Wheeling, Illinois",POINT (100.77522 18.776703),POINT (-87.9184 42.132844),soul,5cKlE8f6b26h61Ml7m052Q
Wendy Rene,/wiki/Wendy_Rene,,"Memphis, Tennessee",POINT (100.77522 18.776703),POINT (-89.954644 35.112125),soul,4ba7uNtpOq0us2C5Nx19zN
Mack Rice,/wiki/Mack_Rice,,"Clarksdale, Mississippi",POINT (100.77522 18.776703),POINT (-90.569902 34.200637),soul,4DL9a33cklEqpTpaavbIhQ
Lionel Richie,/wiki/Lionel_Richie,,"Tuskegee, Alabama",POINT (100.77522 18.776703),POINT (-85.696712 32.424081),soul,3gMaNLQm7D9MornNILzdSl
The Righteous Brothers,/wiki/The_Righteous_Brothers,"Orange County, California, U.S.",,POINT (-117.770825 33.688007),,soul,4b0WsB47XCa9F83BmwQ7WX
Rotimi,/wiki/Rotimi_(actor),,"Maplewood, New Jersey",POINT (100.77522 18.776703),POINT (-74.27348 40.73121),soul,1xBARhKI09ZTmeePVDWMCf
Minnie Riperton,/wiki/Minnie_Riperton,,"[1], [2], [3], Chicago, Illinois",POINT (100.77522 18.776703),POINT (7.989425 50.959463),soul,2i1IdHG5w0wiSmJGoqAGlj
Eric Roberson,/wiki/Eric_Roberson,,"Rahway, New Jersey",POINT (100.77522 18.776703),POINT (-74.280195 40.608263),soul,2ewAU3d4El7WSIxWUJaZJn
Smokey Robinson,/wiki/Smokey_Robinson,,Detroit,POINT (100.77522 18.776703),POINT (-83.164558 42.398648),soul,0h9smro0z3HqUbD94jotU8
Tad Robinson,/wiki/Tad_Robinson,"New York City, United States",,POINT (-73.9708 40.68295),,soul,6Tv4PJFnVdT5JBwyCwBObG
The Ronettes,/wiki/The_Ronettes,"New York City, New York, U.S.",,POINT (-73.9708 40.68295),,soul,7CyeXFnOrfC1N6z4naIpgo
Rose Royce,/wiki/Rose_Royce,"Los Angeles, California, United States",,POINT (-118.25703 34.05513),,soul,1OxJzMLmR9l5zPLap9OxuO
Diana Ross,/wiki/Diana_Ross,,"Detroit, Michigan",POINT (100.77522 18.776703),POINT (-83.164558 42.398648),soul,3MdG05syQeRYPPcClLaUGl
David Ruffin,/wiki/David_Ruffin,,"Whynot, Mississippi",POINT (100.77522 18.776703),POINT (-89.687118 32.921921),soul,3FZn8Z2B7mfaSOU8NE62KR
Rufus,/wiki/Rufus_(band),"Chicago, Illinois, United States",,POINT (-87.66063 41.87897),,soul,5Pb27ujIyYb33zBqVysBkj
Mitch Ryder & the Detroit Wheels,/wiki/Mitch_Ryder,,"Hamtramck, Michigan",POINT (100.77522 18.776703),POINT (-83.053264 42.394731),soul,4d22O5s2UK1KzIoZRR8NZk
Rag'n'Bone Man,/wiki/Rag%27n%27Bone_Man,,"Eastbourne, East Sussex",POINT (100.77522 18.776703),POINT (0.26524 50.775705),soul,4f9iBmdUOhQWeP7dcAn1pf
Rihanna,/wiki/Rihanna,,"Saint Michael, Barbados",POINT (100.77522 18.776703),POINT (-59.603234 13.120131),soul,5pKCCKE2ajJHZ9KAiaK11H
Sade,/wiki/Sade_(band),"London, England",,POINT (-0.099076 51.509648),,soul,47zz7sob9NUcODy0BTDvKx
Sam & Dave,/wiki/Sam_%26_Dave,"Miami, Florida",,POINT (-80.210268 25.766368),,soul,2wY79sveU1sp5g7SokKOiI
Curtis Salgado,/wiki/Curtis_Salgado,,"Everett, Washington",POINT (100.77522 18.776703),POINT (-122.236738 47.964931),soul,2VDoygKzNasudJOR0X1RH0
Nicole Scherzinger,/wiki/Nicole_Scherzinger,"
Louisville, Kentucky, U.S.
Los Angeles, California, U.S.
",Honolulu,POINT (-85.776881 38.141177),POINT (-157.789396 21.40572),soul,40xbWSB4JPdOkRyuTDy1oP
Freddie Scott,/wiki/Freddie_Scott,,"Providence, Rhode Island",POINT (100.77522 18.776703),POINT (-71.419697 41.826948),soul,3uuQLSmKyXSXIStTYGKLrT
Gil Scott-Heron,/wiki/Gil_Scott-Heron,"New York City, New York, U.S.","Chicago, Illinois",POINT (-73.9708 40.68295),POINT (-87.66063 41.87897),soul,0kEfub5RzlZOB2zGomqVSU
Jill Scott,/wiki/Jill_Scott_(singer),,Philadelphia,POINT (100.77522 18.776703),POINT (-75.168428 39.990821),soul,6AVLthptCPhfrxlHadOBJD
Seal,/wiki/Seal_(musician),,Paddington,POINT (100.77522 18.776703),POINT (151.228424 -33.883833),soul,5GtMEZEeFFsuHY8ad4kOxv
Reggie Sears,/wiki/Reggie_Sears,,"Fort Lauderdale, [1]",POINT (100.77522 18.776703),POINT (-80.104838 26.122865),soul,2hDO9Hvuh8vrSCYm3yRBui
Guy Sebastian,/wiki/Guy_Sebastian,,"Klang, Selangor",POINT (100.77522 18.776703),POINT (101.399359 3.106163),soul,5PjekOABtfU2Kwo0AHVmci
Seohyun,/wiki/Seohyun,,Seoul,POINT (100.77522 18.776703),POINT (127.009676 37.539619),soul,27fleokzKuIZuOy672JUVT
Ann Sexton,/wiki/Ann_Sexton,,Greenville,POINT (100.77522 18.776703),POINT (-77.379097 35.598855),soul,0GRaCCNpPCOZZ1tTheDKXJ
Remy Shand,/wiki/Remy_Shand,,"Winnipeg, Manitoba",POINT (100.77522 18.776703),POINT (-97.138026 49.874557),soul,0uPJNqmDRzjZJZXXG6HDtt
The Shirelles,/wiki/The_Shirelles,"Passaic, New Jersey, U.S.",,POINT (-74.132897 40.853786),,soul,0x83OBqixqdCHnStP5VMcn
Juliet Simms,/wiki/Juliet_Simms,"Clearwater, Florida, U.S.","San Francisco, California",POINT (-82.808575 27.975161),POINT (-122.431272 37.778008),soul,1hlXIybvN1I8r3ooBEkYRh
Joe Simon,/wiki/Joe_Simon_(musician),,Simmesport,POINT (100.77522 18.776703),POINT (-91.812514 30.981201),soul,5HRSYURV6LFFRCjAtiK0py
Nina Simone,/wiki/Nina_Simone,,"Tryon, North Carolina",POINT (100.77522 18.776703),POINT (-82.237598 35.208265),soul,7G1GBhoKtEPnP86X2PvEYO
Valerie Simpson,/wiki/Valerie_Simpson,"New York, New York, U.S.",,POINT (-73.9708 40.68295),,soul,7Lc8gVjpJFGo4xMHE0Ax7r
Percy Sledge,/wiki/Percy_Sledge,,"Leighton, Alabama",POINT (100.77522 18.776703),POINT (-87.529116 34.698587),soul,3rRmDmzPcAFwcUDvG5gBqO
Sly & the Family Stone,/wiki/Sly_%26_the_Family_Stone,"San Francisco, California, U.S.",,POINT (-122.431272 37.778008),,soul,5m8H6zSadhu1j9Yi04VLqD
Jorja Smith,/wiki/Jorja_Smith,,"Walsall, West Midlands",POINT (100.77522 18.776703),POINT (-1.98396 52.58528),soul,1CoZyIx7UvdxT5c8UkMzHd
O.C. Smith,/wiki/O.C._Smith,,"Mansfield, Louisiana",POINT (100.77522 18.776703),POINT (-93.694242 32.036354),soul,7qVAJPCHuOiMxlJ7h9xEAA
Sam Smith,/wiki/Sam_Smith_(singer),,London,POINT (100.77522 18.776703),POINT (-0.099076 51.509648),soul,2wY79sveU1sp5g7SokKOiI
The Soul Children,/wiki/The_Soul_Children,"Memphis, Tennessee, U.S.",,POINT (-89.954644 35.112125),,soul,74keeJdeVxqce4qJFj6WGx
Soul Basement,/wiki/Soul_Basement,,"Syracuse, Sicily",POINT (100.77522 18.776703),POINT (15.034018 37.093388),soul,42Uw7LbOwny9D2heYjKC8p
Jordin Sparks,/wiki/Jordin_Sparks,,"Phoenix, Arizona",POINT (100.77522 18.776703),POINT (-112.070892 33.60503),soul,2AQjGvtT0pFYfxR3neFcvz
The Spinners,/wiki/The_Spinners_(American_group),"Ferndale, Michigan, U.S.",,POINT (-83.126582 42.458339),,soul,5fbhwqYYh4YwUoEs582mq5
Dusty Springfield,/wiki/Dusty_Springfield,,"London, England",POINT (100.77522 18.776703),POINT (-0.099076 51.509648),soul,5zaXYwewAXedKNCff45U5l
The Staple Singers,/wiki/The_Staple_Singers,"Chicago, Illinois, United States",,POINT (-87.66063 41.87897),,soul,7xGGqA85UIWX1GoTVM4itC
Lisa Stansfield,/wiki/Lisa_Stansfield,,Manchester,POINT (100.77522 18.776703),POINT (-77.502783 18.037405),soul,2jS7I1u7BpgWT9ssG62Zr1
Mavis Staples,/wiki/Mavis_Staples,,"Chicago, Illinois",POINT (100.77522 18.776703),POINT (-87.66063 41.87897),soul,0cTSCsVx04SSht9V6cpKN0
Edwin Starr,/wiki/Edwin_Starr,,"Nashville, Tennessee",POINT (100.77522 18.776703),POINT (-86.834683 36.236907),soul,1B8AXU6gIIafpyLEpbcv1u
St. Paul & The Broken Bones,/wiki/St._Paul_%26_The_Broken_Bones,"Birmingham, Alabama, United States",,POINT (-86.800929 33.530651),,soul,4fXkvh05wFhuH77MfD4m9o
Candi Staton,/wiki/Candi_Staton,,"[1], [2], [3], [4], Hanceville, Alabama",POINT (100.77522 18.776703),POINT (-9.09734 38.771682),soul,3S34Unhn5yRcaH5K9aU5Et
Chris Stapleton,/wiki/Chris_Stapleton,"Nashville, Tennessee, U.S.","Lexington, Kentucky",POINT (-86.834683 36.236907),POINT (-84.474459 38.056966),soul,4YLtscXsxbVgi031ovDDdh
Allen Stone,/wiki/Allen_Stone,,"Chewelah, Washington",POINT (100.77522 18.776703),POINT (-117.71926 48.277167),soul,536osqBGKzeozje8BfcGsa
Angie Stone,/wiki/Angie_Stone,,"Columbia, South Carolina",POINT (100.77522 18.776703),POINT (-80.846323 34.044165),soul,2hWr3AjjKOCVmWcwvuT4uM
Joss Stone,/wiki/Joss_Stone,,"Dover, Kent",POINT (100.77522 18.776703),POINT (-75.526182 39.166217),soul,7bvcQXJHkFiN1ppIN3q4fi
Barrett Strong,/wiki/Barrett_Strong,"Detroit, Michigan, U.S.","West Point, Mississippi",POINT (-83.164558 42.398648),POINT (-88.657161 33.607018),soul,3MKwHkhEjcvzva2rasZeWD
Patrick Stump,/wiki/Patrick_Stump,,"Evanston, Illinois",POINT (100.77522 18.776703),POINT (-87.69123 42.046069),soul,0wsdUS0EJ7zHgti2nxTVWR
The Stylistics,/wiki/The_Stylistics,"Philadelphia, Pennsylvania, U.S.",,POINT (-75.168428 39.990821),,soul,2O0Hw1WSMbskB5tD9aWah3
Donna Summer,/wiki/Donna_Summer,,Boston,POINT (100.77522 18.776703),POINT (-71.048611 42.355492),soul,2eogQKWWoohI3BSnoG7E2U
The Supremes,/wiki/The_Supremes,"Detroit, Michigan, U.S.",,POINT (-83.164558 42.398648),,soul,57bUPid8xztkieZfS7OlEV
Bettye Swann,/wiki/Bettye_Swann,,"Shreveport, Louisiana",POINT (100.77522 18.776703),POINT (-93.764207 32.467848),soul,0g3EsNvUCwgpsdkAiIC50W
The Sweet Inspirations,/wiki/The_Sweet_Inspirations,US,,POINT (-96.999246 39.71614),,soul,1wonEkTZkBGYq7J4w56yZl
SZA,/wiki/SZA,"Maplewood, New Jersey, U.S.","St. Louis, Missouri",POINT (-74.27348 40.73121),POINT (-90.244086 38.633024),soul,7tYKF4w9nC0nq9CsPZTHyP
Tim Maia,/wiki/Tim_Maia,,"Rio de Janeiro, Brazil",POINT (100.77522 18.776703),POINT (-43.518246 -22.935024),soul,0jOs0wnXCu1bGGP7kh5uIu
Taeyeon,/wiki/Taeyeon,,"Jeonju, North Jeolla",POINT (100.77522 18.776703),POINT (127.128262 35.826708),soul,3qNVuliS40BLgXGxhdBdqu
Tamia,/wiki/Tamia,,"Windsor, Ontario",POINT (100.77522 18.776703),POINT (-82.997089 42.28382),soul,0le01dl1WllSHhjEXRl4in
The Tams,/wiki/The_Tams,"Atlanta, Georgia, United States",,POINT (-84.414581 33.769805),,soul,4FSD5qtm70EBsOiLMN2eEe
Howard Tate,/wiki/Howard_Tate,,"Elberton, Georgia",POINT (100.77522 18.776703),POINT (-82.866904 34.109326),soul,2z6I01y9cdNA4IlOAIcQED
Tavares,/wiki/Tavares_(group),"New Bedford, Ma. and Providence, Rhode Island, U.S.",,POINT (-71.419697 41.826948),,soul,3LfO03nEZMdWNHG2tLpMa0
Bobby Taylor & the Vancouvers,/wiki/Bobby_Taylor_%26_the_Vancouvers,"Washington, D.C., United States",,POINT (-77.01712 38.82652),,soul,2yu275LOWOLmpD885w1MMy
Debbie Taylor,/wiki/Debbie_Taylor,,"Norfolk, Virginia",POINT (100.77522 18.776703),POINT (-76.28522 36.84681),soul,3AOPsb5oGscweRef0jCI1p
Johnnie Taylor,/wiki/Johnnie_Taylor,,"Crawfordsville, Arkansas",POINT (100.77522 18.776703),POINT (-90.325418 35.226863),soul,4OGuNAnRFWZOgOA2d51taz
Little Johnny Taylor,/wiki/Little_Johnny_Taylor,,"Gregory, Arkansas",POINT (100.77522 18.776703),POINT (-91.34318 35.15537),soul,3amz8sGYUMDNb2wxf4PaTj
Ted Taylor,/wiki/Ted_Taylor_(singer),,"Okmulgee, Oklahoma",POINT (100.77522 18.776703),POINT (-95.959244 35.622332),soul,0QYN2PJUwq49cW3T75KXCG
Rod Temperton,/wiki/Rod_Temperton,,"Cleethorpes, Lincolnshire",POINT (100.77522 18.776703),POINT (-0.03225 53.56047),soul,0HXtkeTuIrpcFWhWgZ8jNn
The Temptations,/wiki/The_Temptations,"Detroit, Michigan, U.S.",,POINT (-83.164558 42.398648),,soul,3RwQ26hR2tJtA8F9p2n7jG
Tammi Terrell,/wiki/Tammi_Terrell,,"Philadelphia, Pennsylvania",POINT (100.77522 18.776703),POINT (-75.168428 39.990821),soul,75jNCko3SnEMI5gwGqrbb8
Joe Tex,/wiki/Joe_Tex,"Baytown, Texas, U.S.[3]","[1], [2], Rogers, Texas",POINT (-71.576166 44.49713),POINT (-94.974996 29.473316),soul,5TbXjzD8tYgMD5JU2g2F8q
Robin Thicke,/wiki/Robin_Thicke,,"[1], Los Angeles, California",POINT (100.77522 18.776703),POINT (-3.701047 40.352392),soul,0ZrpamOxcZybMHGg1AYtHP
Trey Songz,/wiki/Trey_Songz,,"[2], Petersburg, Virginia",POINT (100.77522 18.776703),POINT (-97.996444 48.010798),soul,2iojnBLj0qIMiKPvVhLnsH
Carla Thomas,/wiki/Carla_Thomas,,"Memphis, Tennessee",POINT (100.77522 18.776703),POINT (-89.954644 35.112125),soul,1QAGLCom3FHTTiuRFsjzOj
Irma Thomas,/wiki/Irma_Thomas,,"Ponchatoula, Louisiana",POINT (100.77522 18.776703),POINT (-90.441128 30.43382),soul,01Z8Z9K54zewyP04ZfGLSv
Rufus Thomas,/wiki/Rufus_Thomas,,"Cayce, Mississippi",POINT (100.77522 18.776703),POINT (-89.61814 34.95537),soul,3iRSHS3b4NUdjNbnw3Opg8
Timmy Thomas,/wiki/Timmy_Thomas,,"Evansville, Indiana",POINT (100.77522 18.776703),POINT (-87.535526 37.982241),soul,7JLwBH0X2G8tgHceqvOu5B
Melody Thornton,/wiki/Melody_Thornton,"Los Angeles, California, U.S.","Phoenix, Arizona",POINT (-118.25703 34.05513),POINT (-112.070892 33.60503),soul,1EibrdGchIU1GIgiqJR25K
Justin Timberlake,/wiki/Justin_Timberlake,,"Memphis, Tennessee",POINT (100.77522 18.776703),POINT (-89.954644 35.112125),soul,31TPClRtHm23RisEBtV3X7
Allen Toussaint,/wiki/Allen_Toussaint,"New Orleans, Louisiana, United States",Gert Town,POINT (-89.889852 30.056708),POINT (-90.105952 29.962217),soul,63aP18bg2ABSOqSNQcAMNy
Tower of Power,/wiki/Tower_of_Power,"Oakland, California, U.S.",,POINT (-122.197811 37.785199),,soul,0JCxGVxsISZzJHJPUOtceB
Roger Troutman,/wiki/Roger_Troutman,,"[1], Hamilton, Ohio",POINT (100.77522 18.776703),POINT (-84.576666 39.414021),soul,3GMoVpWJy4smKuxFuFTwXC
Doris Troy,/wiki/Doris_Troy,"The Bronx, New York City[1]",,POINT (-73.874979 40.853551),,soul,3jiBDfjnWIdLQEEOdKqZex
Sam Tsui,/wiki/Sam_Tsui,"Blue Bell, Pennsylvania, U.S.",,POINT (-75.03211 40.19122),,soul,7lPWuLostTtlIShgm4wpf0
Ike Turner,/wiki/Ike_Turner,,"Clarksdale, Mississippi",POINT (100.77522 18.776703),POINT (-90.569902 34.200637),soul,0FAxkBiT0g3jKF2AaKEipb
Tina Turner,/wiki/Tina_Turner,,"[a], Brownsville, Tennessee",POINT (100.77522 18.776703),POINT (-89.267986 35.57499),soul,1zuJe6b1roixEKMOtyrEak
Tweet,/wiki/Tweet_(singer),,"[1], Rochester, New York",POINT (100.77522 18.776703),POINT (-73.981423 40.730865),soul,6zDBeei6hHRiZdAJ6zoTCo
Tinashe,/wiki/Tinashe,"Pasadena, California, U.S.","Lexington, Kentucky",POINT (-118.148936 34.153289),POINT (-84.474459 38.056966),soul,0NIIxcxNHmOoyBx03SfTCD
Teyana Taylor,/wiki/Teyana_Taylor,,"[1], New York City",POINT (100.77522 18.776703),POINT (-73.9708 40.68295),soul,4ULO7IGI3M2bo0Ap7B9h8a
Tori Kelly,/wiki/Tori_Kelly,"Canyon Lake, California, U.S.","[1], Wildomar, California",POINT (-117.268562 33.68702),POINT (-51.303758 -23.685558),soul,1vSN1fsvrzpbttOYGsliDr
The Weeknd,/wiki/The_Weeknd,,"Toronto, Ontario",POINT (100.77522 18.776703),POINT (-79.38171 43.64877),soul,1Xyo4u8uXC1ZmMpatF05PJ
Usher,/wiki/Usher_(entertainer),"Atlanta, Georgia, U.S.","[1], [2], [3], Dallas, Texas",POINT (-84.414581 33.769805),POINT (-95.333558 29.986159),soul,23zg3TcAtWQy7J6upgbUnj
Luther Vandross,/wiki/Luther_Vandross,,New York City,POINT (100.77522 18.776703),POINT (-73.9708 40.68295),soul,19y5MFBH7gohEdGwKM7QsP
Sarah Vaughan,/wiki/Sarah_Vaughan,,"Newark, New Jersey",POINT (100.77522 18.776703),POINT (-74.185148 40.718619),soul,1bgyxtWjZwA5PQlDsvs9b8
The Velvelettes,/wiki/The_Velvelettes,"Detroit, Michigan, United States",,POINT (-83.164558 42.398648),,soul,72Q7helEnjOptf8FAoZQTi
Billy Vera,/wiki/Billy_Vera,,"Riverside, California",POINT (100.77522 18.776703),POINT (-117.36368 33.949274),soul,1QQBo7mfkehMjDfz1tj5Pq
Summer Walker,/wiki/Summer_Walker,,"Atlanta, Georgia",POINT (100.77522 18.776703),POINT (-84.414581 33.769805),soul,57LYzLEk2LcFghVwuWbcuS
Terri Walker,/wiki/Terri_Walker,"Wimbledon, London, England",,POINT (-0.212516 51.421807),,soul,0x8TJV6fy1BwsZUpHJC13S
Jr. Walker & the All Stars,/wiki/Jr._Walker_%26_the_All_Stars,,"Blytheville, Arkansas",POINT (100.77522 18.776703),POINT (-89.904178 35.923887),soul,1rHh0AI30JhKrbzKIFjFNd
War,/wiki/War_(U.S._band),"Long Beach, California, U.S.",,POINT (-118.121307 33.797395),,soul,3ICyfoySNDZqtBVmaBT84I
Dee Dee Warwick,/wiki/Dee_Dee_Warwick,,"Newark, New Jersey",POINT (100.77522 18.776703),POINT (-74.185148 40.718619),soul,3KeTziLAcJFEnbhfIMRh5w
Dionne Warwick,/wiki/Dionne_Warwick,,"East Orange, New Jersey",POINT (100.77522 18.776703),POINT (-74.20724 40.765519),soul,2JSjCHK79gdaiPWdKiNUNp
Dinah Washington,/wiki/Dinah_Washington,"Chicago, Illinois, U.S.",Tuscaloosa,POINT (-87.66063 41.87897),POINT (-87.526221 33.200377),soul,32LHRiof0sa4taYew9i3Fa
Ella Washington,/wiki/Ella_Washington,,"Miami, Florida",POINT (100.77522 18.776703),POINT (-80.210268 25.766368),soul,4IJouZNBBYaHVRJnLXPfta
"Justine ""Baby"" Washington",/wiki/Justine_Washington,,"Bamberg, South Carolina",POINT (100.77522 18.776703),POINT (-81.057486 33.198588),soul,29afta7TiMlvY1fkgaFJcH
"Grover Washington, Jr.","/wiki/Grover_Washington,_Jr.",,"Buffalo, New York",POINT (100.77522 18.776703),POINT (-78.852918 42.890831),soul,05YVYeV4HxYp5rrWalvuE1
Keith Washington,/wiki/Keith_Washington,,"Detroit, Michigan, [1]",POINT (100.77522 18.776703),POINT (-83.164558 42.398648),soul,5l0XyfQLHoWFvINcSaSrSx
"Johnny ""Guitar"" Watson",/wiki/Johnny_%22Guitar%22_Watson,,"Houston, Texas",POINT (100.77522 18.776703),POINT (-95.361416 29.784753),soul,6uB4Ax6mlzohDTLqLOJ6Vl
Jean Wells,/wiki/Jean_Wells,,"[1], Jacksonville, Florida",POINT (100.77522 18.776703),POINT (-63.824298 -18.178451),soul,5nE0fOlaVCjRBSZv2NA51m
Mary Wells,/wiki/Mary_Wells,,"Detroit, Michigan",POINT (100.77522 18.776703),POINT (-83.164558 42.398648),soul,1cjZk1xXn3YCToNg3uJpA7
Fred Wesley,/wiki/Fred_Wesley,,"Columbus, Georgia",POINT (100.77522 18.776703),POINT (-84.87392 32.497799),soul,5No6BqTN5CphuxDG9xAJ5U
Kim Weston,/wiki/Kim_Weston,"Detroit, Michigan, U.S.",,POINT (-83.164558 42.398648),,soul,71pUA2TXf3JHUPUgsjLtuL
The Whispers,/wiki/The_Whispers,"Los Angeles, California, U.S.",,POINT (-118.25703 34.05513),,soul,2XzHxDFTNywDd5ReMhgxkg
Barry White,/wiki/Barry_White,,"Galveston, Texas",POINT (100.77522 18.776703),POINT (-94.81164 29.28592),soul,3rfgbfpPSfXY40lzRK7Syt
Marva Whitney,/wiki/Marva_Whitney,,"Kansas City, Kansas",POINT (100.77522 18.776703),POINT (-94.630146 39.113581),soul,691nF1fI0SKCfsIypzFr7h
Deniece Williams,/wiki/Deniece_Williams,,"Gary, Indiana",POINT (100.77522 18.776703),POINT (-87.346784 41.589885),soul,5jNGQ7VOU87x5402JjhTtd
Chuck Willis,/wiki/Chuck_Willis,,"Atlanta, Georgia",POINT (100.77522 18.776703),POINT (-84.414581 33.769805),soul,21uawITknPcgjwdJuvpcGE
Nicole Willis,/wiki/Nicole_Willis,"Brooklyn, New York",[1],POINT (-73.956582 40.652256),POINT (87.18018 27.23006),soul,0eNjd1MGYdXbMLHoMNu1NI
Jackie Wilson,/wiki/Jackie_Wilson,,"Highland Park, Michigan",POINT (100.77522 18.776703),POINT (-83.096018 42.404236),soul,4VnomLtKTm9Ahe1tZfmZju
Amy Winehouse,/wiki/Amy_Winehouse,,"Southgate, London",POINT (100.77522 18.776703),POINT (-0.13208 51.63169),soul,6Q192DXotxtaysaqNPy5yR
Bill Withers,/wiki/Bill_Withers,,"Slab Fork, West Virginia",POINT (100.77522 18.776703),POINT (-81.33149 37.68706),soul,1ThoqLcyIYvZn7iWbj8fsj
Bobby Womack,/wiki/Bobby_Womack,,"Cleveland, Ohio",POINT (100.77522 18.776703),POINT (-81.651327 41.496551),soul,0vqkz1b2qBkoYrGMj2CUWq
Stevie Wonder,/wiki/Stevie_Wonder,,"Saginaw, Michigan",POINT (100.77522 18.776703),POINT (-83.950097 43.418449),soul,7guDJrEfX3qb6FEbdPA5qi
Brenton Wood,/wiki/Brenton_Wood,"San Pedro, Los Angeles, California","Shreveport, Louisiana",POINT (-118.292224 33.733309),POINT (-93.764207 32.467848),soul,6ohvzFHYmLd05kyYhLui5K
Sam Woolf,/wiki/Sam_Woolf,,"[1], West Bloomfield, Michigan",POINT (100.77522 18.776703),POINT (-83.361352 42.569813),soul,6IBpS8Mnq0GGo3hhbtuyax
Betty Wright,/wiki/Betty_Wright,,"Miami, Florida",POINT (100.77522 18.776703),POINT (-80.210268 25.766368),soul,0PDqlUGugF5Jt6DZyATvfz
O.V. Wright,/wiki/O.V._Wright,,"Lenow, Shelby County, Tennessee",POINT (100.77522 18.776703),POINT (-89.73064 35.18648),soul,2eRG04xbRiI1AzY8uTCySk
Timi Yuro,/wiki/Timi_Yuro,"Los Angeles, California, U.S.","Chicago, Illinois",POINT (-118.25703 34.05513),POINT (-87.66063 41.87897),soul,2JyxVsEiD9HVRM7CtFaLCK
Yuvan Shankar Raja,/wiki/Yuvan_Shankar_Raja,"Tamil Nadu, India","Chennai, Tamil Nadu",POINT (78.408526 11.052213),POINT (80.224741 13.066682),soul,6AiX12wXdXFoGJ2vk8zBjy
